Band,Country,Project,City,Lat,Long,Alt,native,Temp,Prec,Urban,Farm,DDD,City_Pop,Co_Pop,GDP,Abx_mg_kg,Meat_kg,TetW,QnrS,ErmB,TetM,BlaCTX,Sul2,BlaTem,Sul1,TetA,DDD_per_capita,GDP_per_capita,Scaled_DDDpc,GDP_scaled,Meat_per_capita,GDP_Category,AMG_Total,AMG_Prevalence_Per_Sample,Farm_Category,DDD_pc,GDP_pc,Meat_pc,Any_AMG,Urban_Scaled,Scaled_DDD_pc,Scaled_GDP_pc,Scaled_Meat_pc,Scaled_Abx_mg_kg,WWTP_Distance_km,Scaled_WWTP,Veterinary_Prescription_Requirement,OTC_Ban_Humans_Animals,Human_Prescription_Requirement,Enforcement_and_Monitoring,Advanced_Stewardship,Total_Score
961,AUSTRALIA,HOSP,Torquay,-38.15,144.16,35,0,0.78,0.54,1,1,206335696,18534,26660000,1730000000000,165,4550000000,0,0,0,1,0,0,0,0,0,7.73952348087022,64891.2228057014,-0.018992604224926,1.03323960486923,170.667666916729,High GDP,1,0.1111111111111111,Farm,7.739523480870218,64891.22280570142,170.6676669167292,TRUE,0.01,-0.0189926042249232,1.03323960486923,0.406646511466452,2.03095559965243,26.852235671500647,-0.0291018813962013,7,7,7,7,6,34
962,AUSTRALIA,HOSP,Torquay,-38.15,144.16,35,0,0.78,0.54,1,1,206335696,18534,26660000,1730000000000,165,4550000000,0,0,0,0,0,0,0,0,0,7.73952348087022,64891.2228057014,-0.018992604224926,1.03323960486923,170.667666916729,High GDP,0,0,Farm,7.739523480870218,64891.22280570142,170.6676669167292,FALSE,0.01,-0.0189926042249232,1.03323960486923,0.406646511466452,2.03095559965243,26.852235671500647,-0.0291018813962013,7,7,7,7,6,34
963,AUSTRALIA,HOSP,Torquay,-38.15,144.16,35,0,0.78,0.54,1,1,206335696,18534,26660000,1730000000000,165,4550000000,0,0,0,0,0,0,0,0,0,7.73952348087022,64891.2228057014,-0.018992604224926,1.03323960486923,170.667666916729,High GDP,0,0,Farm,7.739523480870218,64891.22280570142,170.6676669167292,FALSE,0.01,-0.0189926042249232,1.03323960486923,0.406646511466452,2.03095559965243,26.852235671500647,-0.0291018813962013,7,7,7,7,6,34
964,AUSTRALIA,HOSP,Torquay,-38.15,144.16,35,0,0.78,0.54,1,1,206335696,18534,26660000,1730000000000,165,4550000000,0,0,0,1,0,0,0,0,0,7.73952348087022,64891.2228057014,-0.018992604224926,1.03323960486923,170.667666916729,High GDP,1,0.1111111111111111,Farm,7.739523480870218,64891.22280570142,170.6676669167292,TRUE,0.01,-0.0189926042249232,1.03323960486923,0.406646511466452,2.03095559965243,26.852235671500647,-0.0291018813962013,7,7,7,7,6,34
965,AUSTRALIA,HOSP,Torquay,-38.15,144.16,35,0,0.78,0.54,1,1,206335696,18534,26660000,1730000000000,165,4550000000,0,0,0,0,0,0,0,0,0,7.73952348087022,64891.2228057014,-0.018992604224926,1.03323960486923,170.667666916729,High GDP,0,0,Farm,7.739523480870218,64891.22280570142,170.6676669167292,FALSE,0.01,-0.0189926042249232,1.03323960486923,0.406646511466452,2.03095559965243,26.852235671500647,-0.0291018813962013,7,7,7,7,6,34
966,AUSTRALIA,HOSP,Torquay,-38.15,144.16,35,0,0.78,0.54,1,1,206335696,18534,26660000,1730000000000,165,4550000000,0,0,0,1,0,0,0,0,0,7.73952348087022,64891.2228057014,-0.018992604224926,1.03323960486923,170.667666916729,High GDP,1,0.1111111111111111,Farm,7.739523480870218,64891.22280570142,170.6676669167292,TRUE,0.01,-0.0189926042249232,1.03323960486923,0.406646511466452,2.03095559965243,26.852235671500647,-0.0291018813962013,7,7,7,7,6,34
967,AUSTRALIA,HOSP,Torquay,-38.15,144.16,35,0,0.78,0.54,1,1,206335696,18534,26660000,1730000000000,165,4550000000,0,0,0,0,0,0,0,0,0,7.73952348087022,64891.2228057014,-0.018992604224926,1.03323960486923,170.667666916729,High GDP,0,0,Farm,7.739523480870218,64891.22280570142,170.6676669167292,FALSE,0.01,-0.0189926042249232,1.03323960486923,0.406646511466452,2.03095559965243,26.852235671500647,-0.0291018813962013,7,7,7,7,6,34
968,AUSTRALIA,HOSP,Torquay,-38.15,144.16,35,0,0.78,0.54,1,1,206335696,18534,26660000,1730000000000,165,4550000000,0,0,0,0,0,0,0,0,0,7.73952348087022,64891.2228057014,-0.018992604224926,1.03323960486923,170.667666916729,High GDP,0,0,Farm,7.739523480870218,64891.22280570142,170.6676669167292,FALSE,0.01,-0.0189926042249232,1.03323960486923,0.406646511466452,2.03095559965243,26.852235671500647,-0.0291018813962013,7,7,7,7,6,34
969,AUSTRALIA,HOSP,Torquay,-38.15,144.16,35,0,0.78,0.54,1,1,206335696,18534,26660000,1730000000000,165,4550000000,0,0,0,0,0,0,0,0,0,7.73952348087022,64891.2228057014,-0.018992604224926,1.03323960486923,170.667666916729,High GDP,0,0,Farm,7.739523480870218,64891.22280570142,170.6676669167292,FALSE,0.01,-0.0189926042249232,1.03323960486923,0.406646511466452,2.03095559965243,26.852235671500647,-0.0291018813962013,7,7,7,7,6,34
970,AUSTRALIA,HOSP,Torquay,-38.15,144.16,35,0,0.78,0.54,1,1,206335696,18534,26660000,1730000000000,165,4550000000,0,0,0,0,0,0,0,0,0,7.73952348087022,64891.2228057014,-0.018992604224926,1.03323960486923,170.667666916729,High GDP,0,0,Farm,7.739523480870218,64891.22280570142,170.6676669167292,FALSE,0.01,-0.0189926042249232,1.03323960486923,0.406646511466452,2.03095559965243,26.852235671500647,-0.0291018813962013,7,7,7,7,6,34
971,AUSTRALIA,HOSP,Torquay,-38.15,144.16,35,0,0.78,0.54,1,1,206335696,18534,26660000,1730000000000,165,4550000000,0,0,0,0,0,0,0,0,0,7.73952348087022,64891.2228057014,-0.018992604224926,1.03323960486923,170.667666916729,High GDP,0,0,Farm,7.739523480870218,64891.22280570142,170.6676669167292,FALSE,0.01,-0.0189926042249232,1.03323960486923,0.406646511466452,2.03095559965243,26.852235671500647,-0.0291018813962013,7,7,7,7,6,34
972,AUSTRALIA,HOSP,Torquay,-38.15,144.16,35,0,0.78,0.54,1,1,206335696,18534,26660000,1730000000000,165,4550000000,0,0,0,0,0,0,0,0,0,7.73952348087022,64891.2228057014,-0.018992604224926,1.03323960486923,170.667666916729,High GDP,0,0,Farm,7.739523480870218,64891.22280570142,170.6676669167292,FALSE,0.01,-0.0189926042249232,1.03323960486923,0.406646511466452,2.03095559965243,26.852235671500647,-0.0291018813962013,7,7,7,7,6,34
974,AUSTRALIA,HOSP,Torquay,-38.15,144.16,35,0,0.78,0.54,1,1,206335696,18534,26660000,1730000000000,165,4550000000,0,0,0,1,0,0,0,0,0,7.73952348087022,64891.2228057014,-0.018992604224926,1.03323960486923,170.667666916729,High GDP,1,0.1111111111111111,Farm,7.739523480870218,64891.22280570142,170.6676669167292,TRUE,0.01,-0.0189926042249232,1.03323960486923,0.406646511466452,2.03095559965243,26.852235671500647,-0.0291018813962013,7,7,7,7,6,34
975,AUSTRALIA,HOSP,Torquay,-38.15,144.16,35,0,0.78,0.54,1,1,206335696,18534,26660000,1730000000000,165,4550000000,0,0,0,1,0,0,0,0,0,7.73952348087022,64891.2228057014,-0.018992604224926,1.03323960486923,170.667666916729,High GDP,1,0.1111111111111111,Farm,7.739523480870218,64891.22280570142,170.6676669167292,TRUE,0.01,-0.0189926042249232,1.03323960486923,0.406646511466452,2.03095559965243,26.852235671500647,-0.0291018813962013,7,7,7,7,6,34
977,AUSTRALIA,HOSP,Torquay,-38.15,144.16,35,0,0.78,0.54,1,1,206335696,18534,26660000,1730000000000,165,4550000000,0,0,0,0,0,0,0,0,0,7.73952348087022,64891.2228057014,-0.018992604224926,1.03323960486923,170.667666916729,High GDP,0,0,Farm,7.739523480870218,64891.22280570142,170.6676669167292,FALSE,0.01,-0.0189926042249232,1.03323960486923,0.406646511466452,2.03095559965243,26.852235671500647,-0.0291018813962013,7,7,7,7,6,34
978,AUSTRALIA,HOSP,Torquay,-38.15,144.16,35,0,0.78,0.54,1,1,206335696,18534,26660000,1730000000000,165,4550000000,0,0,0,1,0,0,0,0,0,7.73952348087022,64891.2228057014,-0.018992604224926,1.03323960486923,170.667666916729,High GDP,1,0.1111111111111111,Farm,7.739523480870218,64891.22280570142,170.6676669167292,TRUE,0.01,-0.0189926042249232,1.03323960486923,0.406646511466452,2.03095559965243,26.852235671500647,-0.0291018813962013,7,7,7,7,6,34
979,AUSTRALIA,HOSP,Torquay,-38.15,144.16,35,0,0.78,0.54,1,1,206335696,18534,26660000,1730000000000,165,4550000000,0,0,0,0,0,0,0,0,0,7.73952348087022,64891.2228057014,-0.018992604224926,1.03323960486923,170.667666916729,High GDP,0,0,Farm,7.739523480870218,64891.22280570142,170.6676669167292,FALSE,0.01,-0.0189926042249232,1.03323960486923,0.406646511466452,2.03095559965243,26.852235671500647,-0.0291018813962013,7,7,7,7,6,34
980,AUSTRALIA,HOSP,Torquay,-38.15,144.16,35,0,0.78,0.54,1,1,206335696,18534,26660000,1730000000000,165,4550000000,0,0,0,0,0,0,0,0,0,7.73952348087022,64891.2228057014,-0.018992604224926,1.03323960486923,170.667666916729,High GDP,0,0,Farm,7.739523480870218,64891.22280570142,170.6676669167292,FALSE,0.01,-0.0189926042249232,1.03323960486923,0.406646511466452,2.03095559965243,26.852235671500647,-0.0291018813962013,7,7,7,7,6,34
981,AUSTRALIA,HOSP,Torquay,-38.15,144.16,35,0,0.78,0.54,1,1,206335696,18534,26660000,1730000000000,165,4550000000,0,0,0,0,0,0,0,0,0,7.73952348087022,64891.2228057014,-0.018992604224926,1.03323960486923,170.667666916729,High GDP,0,0,Farm,7.739523480870218,64891.22280570142,170.6676669167292,FALSE,0.01,-0.0189926042249232,1.03323960486923,0.406646511466452,2.03095559965243,26.852235671500647,-0.0291018813962013,7,7,7,7,6,34
982,AUSTRALIA,HOSP,Torquay,-38.15,144.16,35,0,0.78,0.54,1,1,206335696,18534,26660000,1730000000000,165,4550000000,0,0,0,0,0,0,0,0,0,7.73952348087022,64891.2228057014,-0.018992604224926,1.03323960486923,170.667666916729,High GDP,0,0,Farm,7.739523480870218,64891.22280570142,170.6676669167292,FALSE,0.01,-0.0189926042249232,1.03323960486923,0.406646511466452,2.03095559965243,26.852235671500647,-0.0291018813962013,7,7,7,7,6,34
983,AUSTRALIA,HOSP,Torquay,-38.15,144.16,35,0,0.78,0.54,1,1,206335696,18534,26660000,1730000000000,165,4550000000,0,0,0,0,0,0,0,0,0,7.73952348087022,64891.2228057014,-0.018992604224926,1.03323960486923,170.667666916729,High GDP,0,0,Farm,7.739523480870218,64891.22280570142,170.6676669167292,FALSE,0.01,-0.0189926042249232,1.03323960486923,0.406646511466452,2.03095559965243,26.852235671500647,-0.0291018813962013,7,7,7,7,6,34
984,AUSTRALIA,HOSP,Torquay,-38.15,144.16,35,0,0.78,0.54,1,1,206335696,18534,26660000,1730000000000,165,4550000000,0,0,0,0,0,0,0,0,0,7.73952348087022,64891.2228057014,-0.018992604224926,1.03323960486923,170.667666916729,High GDP,0,0,Farm,7.739523480870218,64891.22280570142,170.6676669167292,FALSE,0.01,-0.0189926042249232,1.03323960486923,0.406646511466452,2.03095559965243,26.852235671500647,-0.0291018813962013,7,7,7,7,6,34
985,AUSTRALIA,HOSP,Torquay,-38.15,144.16,35,0,0.78,0.54,1,1,206335696,18534,26660000,1730000000000,165,4550000000,0,0,0,0,0,0,0,0,0,7.73952348087022,64891.2228057014,-0.018992604224926,1.03323960486923,170.667666916729,High GDP,0,0,Farm,7.739523480870218,64891.22280570142,170.6676669167292,FALSE,0.01,-0.0189926042249232,1.03323960486923,0.406646511466452,2.03095559965243,26.852235671500647,-0.0291018813962013,7,7,7,7,6,34
986,AUSTRALIA,HOSP,Torquay,-38.15,144.16,35,0,0.78,0.54,1,1,206335696,18534,26660000,1730000000000,165,4550000000,0,0,0,1,0,0,0,0,0,7.73952348087022,64891.2228057014,-0.018992604224926,1.03323960486923,170.667666916729,High GDP,1,0.1111111111111111,Farm,7.739523480870218,64891.22280570142,170.6676669167292,TRUE,0.01,-0.0189926042249232,1.03323960486923,0.406646511466452,2.03095559965243,26.852235671500647,-0.0291018813962013,7,7,7,7,6,34
901,CANADA,HOSP,Edmonton,53.29,-113.32,668,0,0.7,0.59,70,0,209056368,1087000,40100000,2140000000000,60,5140000000,0,0,0,1,0,0,0,0,0,5.2133757605985,53366.5835411471,-0.573151185501265,0.52170420715074906,128.179551122195,High GDP,1,0.1111111111111111,Non-Farm,5.213375760598503,53366.583541147134,128.1795511221945,TRUE,0.7,-0.573151185501262,0.521704207150749,-0.125499214117922,-0.0662532889308535,30.842374351212058,0.0775056833960272,6,6,6,6,5,29
902,CANADA,HOSP,Edmonton,53.29,-113.32,668,0,0.7,0.59,70,0,209056368,1087000,40100000,2140000000000,60,5140000000,1,0,0,1,1,0,0,0,1,5.2133757605985,53366.5835411471,-0.573151185501265,0.52170420715074906,128.179551122195,High GDP,4,0.4444444444444444,Non-Farm,5.213375760598503,53366.583541147134,128.1795511221945,TRUE,0.7,-0.573151185501262,0.521704207150749,-0.125499214117922,-0.0662532889308535,30.842374351212058,0.0775056833960272,6,6,6,6,5,29
903,CANADA,HOSP,Edmonton,53.29,-113.32,668,0,0.7,0.59,70,0,209056368,1087000,40100000,2140000000000,60,5140000000,0,0,0,1,0,0,0,0,0,5.2133757605985,53366.5835411471,-0.573151185501265,0.52170420715074906,128.179551122195,High GDP,1,0.1111111111111111,Non-Farm,5.213375760598503,53366.583541147134,128.1795511221945,TRUE,0.7,-0.573151185501262,0.521704207150749,-0.125499214117922,-0.0662532889308535,30.842374351212058,0.0775056833960272,6,6,6,6,5,29
904,CANADA,HOSP,Edmonton,53.29,-113.32,668,0,0.7,0.59,70,0,209056368,1087000,40100000,2140000000000,60,5140000000,0,0,0,0,0,0,0,0,0,5.2133757605985,53366.5835411471,-0.573151185501265,0.52170420715074906,128.179551122195,High GDP,0,0,Non-Farm,5.213375760598503,53366.583541147134,128.1795511221945,FALSE,0.7,-0.573151185501262,0.521704207150749,-0.125499214117922,-0.0662532889308535,30.842374351212058,0.0775056833960272,6,6,6,6,5,29
905,CANADA,HOSP,Edmonton,53.29,-113.32,668,0,0.7,0.59,70,0,209056368,1087000,40100000,2140000000000,60,5140000000,0,0,0,0,0,0,0,0,0,5.2133757605985,53366.5835411471,-0.573151185501265,0.52170420715074906,128.179551122195,High GDP,0,0,Non-Farm,5.213375760598503,53366.583541147134,128.1795511221945,FALSE,0.7,-0.573151185501262,0.521704207150749,-0.125499214117922,-0.0662532889308535,30.842374351212058,0.0775056833960272,6,6,6,6,5,29
906,CANADA,HOSP,Edmonton,53.29,-113.32,668,0,0.7,0.59,70,0,209056368,1087000,40100000,2140000000000,60,5140000000,0,0,0,1,0,0,0,0,0,5.2133757605985,53366.5835411471,-0.573151185501265,0.52170420715074906,128.179551122195,High GDP,1,0.1111111111111111,Non-Farm,5.213375760598503,53366.583541147134,128.1795511221945,TRUE,0.7,-0.573151185501262,0.521704207150749,-0.125499214117922,-0.0662532889308535,30.842374351212058,0.0775056833960272,6,6,6,6,5,29
907,CANADA,HOSP,Edmonton,53.29,-113.32,668,0,0.7,0.59,70,0,209056368,1087000,40100000,2140000000000,60,5140000000,0,0,0,0,0,0,0,0,0,5.2133757605985,53366.5835411471,-0.573151185501265,0.52170420715074906,128.179551122195,High GDP,0,0,Non-Farm,5.213375760598503,53366.583541147134,128.1795511221945,FALSE,0.7,-0.573151185501262,0.521704207150749,-0.125499214117922,-0.0662532889308535,30.842374351212058,0.0775056833960272,6,6,6,6,5,29
908,CANADA,HOSP,Edmonton,53.29,-113.32,668,0,0.7,0.59,70,0,209056368,1087000,40100000,2140000000000,60,5140000000,0,0,0,0,0,0,0,0,0,5.2133757605985,53366.5835411471,-0.573151185501265,0.52170420715074906,128.179551122195,High GDP,0,0,Non-Farm,5.213375760598503,53366.583541147134,128.1795511221945,FALSE,0.7,-0.573151185501262,0.521704207150749,-0.125499214117922,-0.0662532889308535,30.842374351212058,0.0775056833960272,6,6,6,6,5,29
909,CANADA,HOSP,Edmonton,53.29,-113.32,668,0,0.7,0.59,70,0,209056368,1087000,40100000,2140000000000,60,5140000000,0,0,0,0,0,0,0,0,0,5.2133757605985,53366.5835411471,-0.573151185501265,0.52170420715074906,128.179551122195,High GDP,0,0,Non-Farm,5.213375760598503,53366.583541147134,128.1795511221945,FALSE,0.7,-0.573151185501262,0.521704207150749,-0.125499214117922,-0.0662532889308535,30.842374351212058,0.0775056833960272,6,6,6,6,5,29
910,CANADA,HOSP,Edmonton,53.29,-113.32,668,0,0.7,0.59,70,0,209056368,1087000,40100000,2140000000000,60,5140000000,0,0,0,1,0,0,0,0,0,5.2133757605985,53366.5835411471,-0.573151185501265,0.52170420715074906,128.179551122195,High GDP,1,0.1111111111111111,Non-Farm,5.213375760598503,53366.583541147134,128.1795511221945,TRUE,0.7,-0.573151185501262,0.521704207150749,-0.125499214117922,-0.0662532889308535,30.842374351212058,0.0775056833960272,6,6,6,6,5,29
911,CANADA,HOSP,Edmonton,53.29,-113.32,668,0,0.7,0.59,70,0,209056368,1087000,40100000,2140000000000,60,5140000000,0,0,0,0,0,0,0,0,0,5.2133757605985,53366.5835411471,-0.573151185501265,0.52170420715074906,128.179551122195,High GDP,0,0,Non-Farm,5.213375760598503,53366.583541147134,128.1795511221945,FALSE,0.7,-0.573151185501262,0.521704207150749,-0.125499214117922,-0.0662532889308535,30.842374351212058,0.0775056833960272,6,6,6,6,5,29
912,CANADA,HOSP,Edmonton,53.29,-113.32,668,0,0.7,0.59,70,0,209056368,1087000,40100000,2140000000000,60,5140000000,0,0,0,1,1,0,0,0,0,5.2133757605985,53366.5835411471,-0.573151185501265,0.52170420715074906,128.179551122195,High GDP,2,0.2222222222222222,Non-Farm,5.213375760598503,53366.583541147134,128.1795511221945,TRUE,0.7,-0.573151185501262,0.521704207150749,-0.125499214117922,-0.0662532889308535,30.842374351212058,0.0775056833960272,6,6,6,6,5,29
913,CANADA,HOSP,Edmonton,53.29,-113.32,668,0,0.7,0.59,70,0,209056368,1087000,40100000,2140000000000,60,5140000000,0,0,0,1,0,0,0,0,0,5.2133757605985,53366.5835411471,-0.573151185501265,0.52170420715074906,128.179551122195,High GDP,1,0.1111111111111111,Non-Farm,5.213375760598503,53366.583541147134,128.1795511221945,TRUE,0.7,-0.573151185501262,0.521704207150749,-0.125499214117922,-0.0662532889308535,30.842374351212058,0.0775056833960272,6,6,6,6,5,29
914,CANADA,HOSP,Edmonton,53.29,-113.32,668,0,0.7,0.59,70,0,209056368,1087000,40100000,2140000000000,60,5140000000,0,0,0,0,0,0,0,0,0,5.2133757605985,53366.5835411471,-0.573151185501265,0.52170420715074906,128.179551122195,High GDP,0,0,Non-Farm,5.213375760598503,53366.583541147134,128.1795511221945,FALSE,0.7,-0.573151185501262,0.521704207150749,-0.125499214117922,-0.0662532889308535,30.842374351212058,0.0775056833960272,6,6,6,6,5,29
988,CANADA,HOSP,Edmonton,53.29,-113.32,668,0,0.7,0.59,70,0,209056368,1087000,40100000,2140000000000,60,5140000000,0,0,0,1,0,0,0,0,0,5.2133757605985,53366.5835411471,-0.573151185501265,0.52170420715074906,128.179551122195,High GDP,1,0.1111111111111111,Non-Farm,5.213375760598503,53366.583541147134,128.1795511221945,TRUE,0.7,-0.573151185501262,0.521704207150749,-0.125499214117922,-0.0662532889308535,30.842374351212058,0.0775056833960272,6,6,6,6,5,29
989,CANADA,HOSP,Edmonton,53.29,-113.32,668,0,0.7,0.59,70,0,209056368,1087000,40100000,2140000000000,60,5140000000,0,0,0,0,0,0,0,0,0,5.2133757605985,53366.5835411471,-0.573151185501265,0.52170420715074906,128.179551122195,High GDP,0,0,Non-Farm,5.213375760598503,53366.583541147134,128.1795511221945,FALSE,0.7,-0.573151185501262,0.521704207150749,-0.125499214117922,-0.0662532889308535,30.842374351212058,0.0775056833960272,6,6,6,6,5,29
990,CANADA,HOSP,Edmonton,53.29,-113.32,668,0,0.7,0.59,70,0,209056368,1087000,40100000,2140000000000,60,5140000000,0,0,0,0,0,0,0,0,0,5.2133757605985,53366.5835411471,-0.573151185501265,0.52170420715074906,128.179551122195,High GDP,0,0,Non-Farm,5.213375760598503,53366.583541147134,128.1795511221945,FALSE,0.7,-0.573151185501262,0.521704207150749,-0.125499214117922,-0.0662532889308535,30.842374351212058,0.0775056833960272,6,6,6,6,5,29
992,CANADA,HOSP,Edmonton,53.29,-113.32,668,0,0.7,0.59,70,0,209056368,1087000,40100000,2140000000000,60,5140000000,0,0,0,1,0,0,0,0,0,5.2133757605985,53366.5835411471,-0.573151185501265,0.52170420715074906,128.179551122195,High GDP,1,0.1111111111111111,Non-Farm,5.213375760598503,53366.583541147134,128.1795511221945,TRUE,0.7,-0.573151185501262,0.521704207150749,-0.125499214117922,-0.0662532889308535,30.842374351212058,0.0775056833960272,6,6,6,6,5,29
993,CANADA,HOSP,Edmonton,53.29,-113.32,668,0,0.7,0.59,70,0,209056368,1087000,40100000,2140000000000,60,5140000000,0,0,0,0,0,0,0,0,0,5.2133757605985,53366.5835411471,-0.573151185501265,0.52170420715074906,128.179551122195,High GDP,0,0,Non-Farm,5.213375760598503,53366.583541147134,128.1795511221945,FALSE,0.7,-0.573151185501262,0.521704207150749,-0.125499214117922,-0.0662532889308535,30.842374351212058,0.0775056833960272,6,6,6,6,5,29
994,CANADA,HOSP,Edmonton,53.29,-113.32,668,0,0.7,0.59,70,0,209056368,1087000,40100000,2140000000000,60,5140000000,0,0,0,0,0,0,0,0,0,5.2133757605985,53366.5835411471,-0.573151185501265,0.52170420715074906,128.179551122195,High GDP,0,0,Non-Farm,5.213375760598503,53366.583541147134,128.1795511221945,FALSE,0.7,-0.573151185501262,0.521704207150749,-0.125499214117922,-0.0662532889308535,30.842374351212058,0.0775056833960272,6,6,6,6,5,29
995,CANADA,HOSP,Edmonton,53.29,-113.32,668,0,0.7,0.59,70,0,209056368,1087000,40100000,2140000000000,60,5140000000,0,0,0,1,0,0,0,0,0,5.2133757605985,53366.5835411471,-0.573151185501265,0.52170420715074906,128.179551122195,High GDP,1,0.1111111111111111,Non-Farm,5.213375760598503,53366.583541147134,128.1795511221945,TRUE,0.7,-0.573151185501262,0.521704207150749,-0.125499214117922,-0.0662532889308535,30.842374351212058,0.0775056833960272,6,6,6,6,5,29
996,CANADA,HOSP,Edmonton,53.29,-113.32,668,0,0.7,0.59,70,0,209056368,1087000,40100000,2140000000000,60,5140000000,0,0,0,0,0,0,0,0,0,5.2133757605985,53366.5835411471,-0.573151185501265,0.52170420715074906,128.179551122195,High GDP,0,0,Non-Farm,5.213375760598503,53366.583541147134,128.1795511221945,FALSE,0.7,-0.573151185501262,0.521704207150749,-0.125499214117922,-0.0662532889308535,30.842374351212058,0.0775056833960272,6,6,6,6,5,29
997,CANADA,HOSP,Edmonton,53.29,-113.32,668,0,0.7,0.59,70,0,209056368,1087000,40100000,2140000000000,60,5140000000,0,0,0,0,0,0,0,0,0,5.2133757605985,53366.5835411471,-0.573151185501265,0.52170420715074906,128.179551122195,High GDP,0,0,Non-Farm,5.213375760598503,53366.583541147134,128.1795511221945,FALSE,0.7,-0.573151185501262,0.521704207150749,-0.125499214117922,-0.0662532889308535,30.842374351212058,0.0775056833960272,6,6,6,6,5,29
998,CANADA,HOSP,Edmonton,53.29,-113.32,668,0,0.7,0.59,70,0,209056368,1087000,40100000,2140000000000,60,5140000000,0,0,0,0,0,0,0,0,0,5.2133757605985,53366.5835411471,-0.573151185501265,0.52170420715074906,128.179551122195,High GDP,0,0,Non-Farm,5.213375760598503,53366.583541147134,128.1795511221945,FALSE,0.7,-0.573151185501262,0.521704207150749,-0.125499214117922,-0.0662532889308535,30.842374351212058,0.0775056833960272,6,6,6,6,5,29
999,CANADA,HOSP,Edmonton,53.29,-113.32,668,0,0.7,0.59,70,0,209056368,1087000,40100000,2140000000000,60,5140000000,0,0,0,0,0,0,0,0,0,5.2133757605985,53366.5835411471,-0.573151185501265,0.52170420715074906,128.179551122195,High GDP,0,0,Non-Farm,5.213375760598503,53366.583541147134,128.1795511221945,FALSE,0.7,-0.573151185501262,0.521704207150749,-0.125499214117922,-0.0662532889308535,30.842374351212058,0.0775056833960272,6,6,6,6,5,29
3397,CANADA,HOSP,Edmonton,53.29,-113.32,668,0,0.7,0.59,70,0,209056368,1087000,40100000,2140000000000,60,5140000000,0,0,0,0,0,0,0,0,0,5.2133757605985,53366.5835411471,-0.573151185501265,0.52170420715074906,128.179551122195,High GDP,0,0,Non-Farm,5.213375760598503,53366.583541147134,128.1795511221945,FALSE,0.7,-0.573151185501262,0.521704207150749,-0.125499214117922,-0.0662532889308535,30.842374351212058,0.0775056833960272,6,6,6,6,5,29
3399,CANADA,HOSP,Edmonton,53.29,-113.32,668,0,0.7,0.59,70,0,209056368,1087000,40100000,2140000000000,60,5140000000,0,0,0,0,0,0,0,0,1,5.2133757605985,53366.5835411471,-0.573151185501265,0.52170420715074906,128.179551122195,High GDP,1,0.1111111111111111,Non-Farm,5.213375760598503,53366.583541147134,128.1795511221945,TRUE,0.7,-0.573151185501262,0.521704207150749,-0.125499214117922,-0.0662532889308535,30.842374351212058,0.0775056833960272,6,6,6,6,5,29
3400,CANADA,HOSP,Edmonton,53.29,-113.32,668,0,0.7,0.59,70,0,209056368,1087000,40100000,2140000000000,60,5140000000,0,0,0,0,0,0,0,0,0,5.2133757605985,53366.5835411471,-0.573151185501265,0.52170420715074906,128.179551122195,High GDP,0,0,Non-Farm,5.213375760598503,53366.583541147134,128.1795511221945,FALSE,0.7,-0.573151185501262,0.521704207150749,-0.125499214117922,-0.0662532889308535,30.842374351212058,0.0775056833960272,6,6,6,6,5,29
3249,ISRAEL,HOSP,Tel Aviv,31.42,34.44,62,1,0.81,0.56,24,1,56980880,471202,9757000,514000000000,51,862179000,0,0,0,0,0,0,1,0,1,5.84,52680.1270882443,-0.435689232380507,0.491234986675271,88.3651737214308,Low GDP,2,0.2222222222222222,Farm,5.84,52680.127088244335,88.36517372143076,TRUE,0.24,-0.435689232380505,0.491234986675271,-0.624157494307999,-0.246014050809421,7.180559227027902,-0.554684997539312,3,3,3,3,3,15
3250,ISRAEL,HOSP,Tel Aviv,31.42,34.44,62,1,0.81,0.56,24,1,56980880,471202,9757000,514000000000,51,862179000,0,0,0,0,0,0,0,0,0,5.84,52680.1270882443,-0.435689232380507,0.491234986675271,88.3651737214308,Low GDP,0,0,Farm,5.84,52680.127088244335,88.36517372143076,FALSE,0.24,-0.435689232380505,0.491234986675271,-0.624157494307999,-0.246014050809421,7.180559227027902,-0.554684997539312,3,3,3,3,3,15
3251,ISRAEL,HOSP,Tel Aviv,31.42,34.44,62,1,0.81,0.56,24,1,56980880,471202,9757000,514000000000,51,862179000,0,0,0,1,1,0,0,0,1,5.84,52680.1270882443,-0.435689232380507,0.491234986675271,88.3651737214308,Low GDP,3,0.3333333333333333,Farm,5.84,52680.127088244335,88.36517372143076,TRUE,0.24,-0.435689232380505,0.491234986675271,-0.624157494307999,-0.246014050809421,7.180559227027902,-0.554684997539312,3,3,3,3,3,15
3252,ISRAEL,HOSP,Tel Aviv,31.42,34.44,62,1,0.81,0.56,24,1,56980880,471202,9757000,514000000000,51,862179000,0,0,0,0,0,0,0,0,0,5.84,52680.1270882443,-0.435689232380507,0.491234986675271,88.3651737214308,Low GDP,0,0,Farm,5.84,52680.127088244335,88.36517372143076,FALSE,0.24,-0.435689232380505,0.491234986675271,-0.624157494307999,-0.246014050809421,7.180559227027902,-0.554684997539312,3,3,3,3,3,15
3253,ISRAEL,HOSP,Tel Aviv,31.42,34.44,62,1,0.81,0.56,24,1,56980880,471202,9757000,514000000000,51,862179000,0,1,0,0,0,0,1,0,1,5.84,52680.1270882443,-0.435689232380507,0.491234986675271,88.3651737214308,Low GDP,3,0.3333333333333333,Farm,5.84,52680.127088244335,88.36517372143076,TRUE,0.24,-0.435689232380505,0.491234986675271,-0.624157494307999,-0.246014050809421,7.180559227027902,-0.554684997539312,3,3,3,3,3,15
3254,ISRAEL,HOSP,Tel Aviv,31.42,34.44,62,1,0.81,0.56,24,1,56980880,471202,9757000,514000000000,51,862179000,1,1,0,0,0,0,0,0,0,5.84,52680.1270882443,-0.435689232380507,0.491234986675271,88.3651737214308,Low GDP,2,0.2222222222222222,Farm,5.84,52680.127088244335,88.36517372143076,TRUE,0.24,-0.435689232380505,0.491234986675271,-0.624157494307999,-0.246014050809421,7.180559227027902,-0.554684997539312,3,3,3,3,3,15
3255,ISRAEL,HOSP,Tel Aviv,31.42,34.44,62,1,0.81,0.56,24,1,56980880,471202,9757000,514000000000,51,862179000,0,0,0,0,0,0,0,0,0,5.84,52680.1270882443,-0.435689232380507,0.491234986675271,88.3651737214308,Low GDP,0,0,Farm,5.84,52680.127088244335,88.36517372143076,FALSE,0.24,-0.435689232380505,0.491234986675271,-0.624157494307999,-0.246014050809421,7.180559227027902,-0.554684997539312,3,3,3,3,3,15
3256,ISRAEL,HOSP,Tel Aviv,31.42,34.44,62,1,0.81,0.56,24,1,56980880,471202,9757000,514000000000,51,862179000,0,0,0,0,0,0,0,0,0,5.84,52680.1270882443,-0.435689232380507,0.491234986675271,88.3651737214308,Low GDP,0,0,Farm,5.84,52680.127088244335,88.36517372143076,FALSE,0.24,-0.435689232380505,0.491234986675271,-0.624157494307999,-0.246014050809421,7.180559227027902,-0.554684997539312,3,3,3,3,3,15
3257,ISRAEL,HOSP,Tel Aviv,31.42,34.44,62,1,0.81,0.56,24,1,56980880,471202,9757000,514000000000,51,862179000,0,0,0,1,0,0,0,0,0,5.84,52680.1270882443,-0.435689232380507,0.491234986675271,88.3651737214308,Low GDP,1,0.1111111111111111,Farm,5.84,52680.127088244335,88.36517372143076,TRUE,0.24,-0.435689232380505,0.491234986675271,-0.624157494307999,-0.246014050809421,7.180559227027902,-0.554684997539312,3,3,3,3,3,15
3258,ISRAEL,HOSP,Tel Aviv,31.42,34.44,62,1,0.81,0.56,24,1,56980880,471202,9757000,514000000000,51,862179000,0,1,0,0,0,0,0,0,0,5.84,52680.1270882443,-0.435689232380507,0.491234986675271,88.3651737214308,Low GDP,1,0.1111111111111111,Farm,5.84,52680.127088244335,88.36517372143076,TRUE,0.24,-0.435689232380505,0.491234986675271,-0.624157494307999,-0.246014050809421,7.180559227027902,-0.554684997539312,3,3,3,3,3,15
3259,ISRAEL,HOSP,Tel Aviv,31.42,34.44,62,1,0.81,0.56,24,1,56980880,471202,9757000,514000000000,51,862179000,0,0,0,0,0,0,0,0,0,5.84,52680.1270882443,-0.435689232380507,0.491234986675271,88.3651737214308,Low GDP,0,0,Farm,5.84,52680.127088244335,88.36517372143076,FALSE,0.24,-0.435689232380505,0.491234986675271,-0.624157494307999,-0.246014050809421,7.180559227027902,-0.554684997539312,3,3,3,3,3,15
3260,ISRAEL,HOSP,Tel Aviv,31.42,34.44,62,1,0.81,0.56,24,1,56980880,471202,9757000,514000000000,51,862179000,0,0,0,0,0,0,0,0,0,5.84,52680.1270882443,-0.435689232380507,0.491234986675271,88.3651737214308,Low GDP,0,0,Farm,5.84,52680.127088244335,88.36517372143076,FALSE,0.24,-0.435689232380505,0.491234986675271,-0.624157494307999,-0.246014050809421,7.180559227027902,-0.554684997539312,3,3,3,3,3,15
3261,ISRAEL,HOSP,Tel Aviv,31.42,34.44,62,1,0.81,0.56,24,1,56980880,471202,9757000,514000000000,51,862179000,0,0,0,1,0,0,0,0,0,5.84,52680.1270882443,-0.435689232380507,0.491234986675271,88.3651737214308,Low GDP,1,0.1111111111111111,Farm,5.84,52680.127088244335,88.36517372143076,TRUE,0.24,-0.435689232380505,0.491234986675271,-0.624157494307999,-0.246014050809421,7.180559227027902,-0.554684997539312,3,3,3,3,3,15
3262,ISRAEL,HOSP,Tel Aviv,31.42,34.44,62,1,0.81,0.56,24,1,56980880,471202,9757000,514000000000,51,862179000,0,0,0,0,0,0,0,0,0,5.84,52680.1270882443,-0.435689232380507,0.491234986675271,88.3651737214308,Low GDP,0,0,Farm,5.84,52680.127088244335,88.36517372143076,FALSE,0.24,-0.435689232380505,0.491234986675271,-0.624157494307999,-0.246014050809421,7.180559227027902,-0.554684997539312,3,3,3,3,3,15
3263,ISRAEL,HOSP,Tel Aviv,31.42,34.44,62,1,0.81,0.56,24,1,56980880,471202,9757000,514000000000,51,862179000,0,0,1,0,0,1,1,1,1,5.84,52680.1270882443,-0.435689232380507,0.491234986675271,88.3651737214308,Low GDP,5,0.5555555555555556,Farm,5.84,52680.127088244335,88.36517372143076,TRUE,0.24,-0.435689232380505,0.491234986675271,-0.624157494307999,-0.246014050809421,7.180559227027902,-0.554684997539312,3,3,3,3,3,15
3264,ISRAEL,HOSP,Tel Aviv,31.42,34.44,62,1,0.81,0.56,24,1,56980880,471202,9757000,514000000000,51,862179000,0,0,0,1,0,0,1,0,0,5.84,52680.1270882443,-0.435689232380507,0.491234986675271,88.3651737214308,Low GDP,2,0.2222222222222222,Farm,5.84,52680.127088244335,88.36517372143076,TRUE,0.24,-0.435689232380505,0.491234986675271,-0.624157494307999,-0.246014050809421,7.180559227027902,-0.554684997539312,3,3,3,3,3,15
3265,ISRAEL,HOSP,Tel Aviv,31.42,34.44,62,1,0.81,0.56,24,1,56980880,471202,9757000,514000000000,51,862179000,0,0,0,0,0,0,0,0,0,5.84,52680.1270882443,-0.435689232380507,0.491234986675271,88.3651737214308,Low GDP,0,0,Farm,5.84,52680.127088244335,88.36517372143076,FALSE,0.24,-0.435689232380505,0.491234986675271,-0.624157494307999,-0.246014050809421,7.180559227027902,-0.554684997539312,3,3,3,3,3,15
3266,ISRAEL,HOSP,Tel Aviv,31.42,34.44,62,1,0.81,0.56,24,1,56980880,471202,9757000,514000000000,51,862179000,0,0,0,0,0,0,0,0,0,5.84,52680.1270882443,-0.435689232380507,0.491234986675271,88.3651737214308,Low GDP,0,0,Farm,5.84,52680.127088244335,88.36517372143076,FALSE,0.24,-0.435689232380505,0.491234986675271,-0.624157494307999,-0.246014050809421,7.180559227027902,-0.554684997539312,3,3,3,3,3,15
3267,ISRAEL,HOSP,Tel Aviv,31.42,34.44,62,1,0.81,0.56,24,1,56980880,471202,9757000,514000000000,51,862179000,0,0,0,0,0,0,0,0,0,5.84,52680.1270882443,-0.435689232380507,0.491234986675271,88.3651737214308,Low GDP,0,0,Farm,5.84,52680.127088244335,88.36517372143076,FALSE,0.24,-0.435689232380505,0.491234986675271,-0.624157494307999,-0.246014050809421,7.180559227027902,-0.554684997539312,3,3,3,3,3,15
3268,ISRAEL,HOSP,Tel Aviv,31.42,34.44,62,1,0.81,0.56,24,1,56980880,471202,9757000,514000000000,51,862179000,0,1,0,1,0,0,1,0,0,5.84,52680.1270882443,-0.435689232380507,0.491234986675271,88.3651737214308,Low GDP,3,0.3333333333333333,Farm,5.84,52680.127088244335,88.36517372143076,TRUE,0.24,-0.435689232380505,0.491234986675271,-0.624157494307999,-0.246014050809421,7.180559227027902,-0.554684997539312,3,3,3,3,3,15
3269,ISRAEL,HOSP,Tel Aviv,31.42,34.44,62,1,0.81,0.56,24,1,56980880,471202,9757000,514000000000,51,862179000,0,0,0,0,0,0,0,0,0,5.84,52680.1270882443,-0.435689232380507,0.491234986675271,88.3651737214308,Low GDP,0,0,Farm,5.84,52680.127088244335,88.36517372143076,FALSE,0.24,-0.435689232380505,0.491234986675271,-0.624157494307999,-0.246014050809421,7.180559227027902,-0.554684997539312,3,3,3,3,3,15
3270,ISRAEL,HOSP,Tel Aviv,31.42,34.44,62,1,0.81,0.56,24,1,56980880,471202,9757000,514000000000,51,862179000,0,0,0,0,0,0,0,0,0,5.84,52680.1270882443,-0.435689232380507,0.491234986675271,88.3651737214308,Low GDP,0,0,Farm,5.84,52680.127088244335,88.36517372143076,FALSE,0.24,-0.435689232380505,0.491234986675271,-0.624157494307999,-0.246014050809421,7.180559227027902,-0.554684997539312,3,3,3,3,3,15
3271,ISRAEL,HOSP,Tel Aviv,31.42,34.44,62,1,0.81,0.56,24,1,56980880,471202,9757000,514000000000,51,862179000,0,0,0,1,0,0,0,0,0,5.84,52680.1270882443,-0.435689232380507,0.491234986675271,88.3651737214308,Low GDP,1,0.1111111111111111,Farm,5.84,52680.127088244335,88.36517372143076,TRUE,0.24,-0.435689232380505,0.491234986675271,-0.624157494307999,-0.246014050809421,7.180559227027902,-0.554684997539312,3,3,3,3,3,15
3272,ISRAEL,HOSP,Tel Aviv,31.42,34.44,62,1,0.81,0.56,24,1,56980880,471202,9757000,514000000000,51,862179000,0,0,0,1,0,0,0,0,0,5.84,52680.1270882443,-0.435689232380507,0.491234986675271,88.3651737214308,Low GDP,1,0.1111111111111111,Farm,5.84,52680.127088244335,88.36517372143076,TRUE,0.24,-0.435689232380505,0.491234986675271,-0.624157494307999,-0.246014050809421,7.180559227027902,-0.554684997539312,3,3,3,3,3,15
3273,ISRAEL,HOSP,Tel Aviv,31.42,34.44,62,1,0.81,0.56,24,1,56980880,471202,9757000,514000000000,51,862179000,0,0,1,0,0,0,1,0,0,5.84,52680.1270882443,-0.435689232380507,0.491234986675271,88.3651737214308,Low GDP,2,0.2222222222222222,Farm,5.84,52680.127088244335,88.36517372143076,TRUE,0.24,-0.435689232380505,0.491234986675271,-0.624157494307999,-0.246014050809421,7.180559227027902,-0.554684997539312,3,3,3,3,3,15
3274,ISRAEL,HOSP,Tel Aviv,31.42,34.44,62,1,0.81,0.56,24,1,56980880,471202,9757000,514000000000,51,862179000,0,1,0,1,0,0,0,0,0,5.84,52680.1270882443,-0.435689232380507,0.491234986675271,88.3651737214308,Low GDP,2,0.2222222222222222,Farm,5.84,52680.127088244335,88.36517372143076,TRUE,0.24,-0.435689232380505,0.491234986675271,-0.624157494307999,-0.246014050809421,7.180559227027902,-0.554684997539312,3,3,3,3,3,15
3275,ISRAEL,HOSP,Tel Aviv,31.42,34.44,62,1,0.81,0.56,24,1,56980880,471202,9757000,514000000000,51,862179000,0,0,0,0,0,0,0,0,0,5.84,52680.1270882443,-0.435689232380507,0.491234986675271,88.3651737214308,Low GDP,0,0,Farm,5.84,52680.127088244335,88.36517372143076,FALSE,0.24,-0.435689232380505,0.491234986675271,-0.624157494307999,-0.246014050809421,7.180559227027902,-0.554684997539312,3,3,3,3,3,15
146,NETHERLANDS,HOSP,wageningen,51.44,4.26,12,1,0.61,0.56,6,0,65941989,39635,17889000,1150000000000,21,3120000000,0,0,0,1,0,0,0,0,0,3.68617524735871,64285.3149980435,-0.908171684480805,1.0063456358472,174.408854603388,High GDP,1,0.1111111111111111,Non-Farm,3.686175247358712,64285.31499804349,174.40885460338757,TRUE,0.06,-0.908171684480802,1.0063456358472,0.453503308922277,-0.845216590404644,4.562001728433611,-0.624646986482954,8,8,8,8,8,40
147,NETHERLANDS,HOSP,wageningen,51.44,4.26,12,1,0.61,0.56,6,0,65941989,39635,17889000,1150000000000,21,3120000000,0,0,0,0,0,0,0,0,0,3.68617524735871,64285.3149980435,-0.908171684480805,1.0063456358472,174.408854603388,High GDP,0,0,Non-Farm,3.686175247358712,64285.31499804349,174.40885460338757,FALSE,0.06,-0.908171684480802,1.0063456358472,0.453503308922277,-0.845216590404644,4.562001728433611,-0.624646986482954,8,8,8,8,8,40
150,NETHERLANDS,HOSP,wageningen,51.44,4.26,12,1,0.61,0.56,6,0,65941989,39635,17889000,1150000000000,21,3120000000,0,0,0,0,0,0,0,0,0,3.68617524735871,64285.3149980435,-0.908171684480805,1.0063456358472,174.408854603388,High GDP,0,0,Non-Farm,3.686175247358712,64285.31499804349,174.40885460338757,FALSE,0.06,-0.908171684480802,1.0063456358472,0.453503308922277,-0.845216590404644,4.562001728433611,-0.624646986482954,8,8,8,8,8,40
151,NETHERLANDS,HOSP,wageningen,51.44,4.26,12,1,0.61,0.56,6,0,65941989,39635,17889000,1150000000000,21,3120000000,0,0,0,0,0,0,0,0,0,3.68617524735871,64285.3149980435,-0.908171684480805,1.0063456358472,174.408854603388,High GDP,0,0,Non-Farm,3.686175247358712,64285.31499804349,174.40885460338757,FALSE,0.06,-0.908171684480802,1.0063456358472,0.453503308922277,-0.845216590404644,4.562001728433611,-0.624646986482954,8,8,8,8,8,40
154,NETHERLANDS,HOSP,wageningen,51.44,4.26,12,1,0.61,0.56,6,0,65941989,39635,17889000,1150000000000,21,3120000000,0,0,0,0,0,0,0,0,0,3.68617524735871,64285.3149980435,-0.908171684480805,1.0063456358472,174.408854603388,High GDP,0,0,Non-Farm,3.686175247358712,64285.31499804349,174.40885460338757,FALSE,0.06,-0.908171684480802,1.0063456358472,0.453503308922277,-0.845216590404644,4.562001728433611,-0.624646986482954,8,8,8,8,8,40
157,NETHERLANDS,HOSP,wageningen,51.44,4.26,12,1,0.61,0.56,6,0,65941989,39635,17889000,1150000000000,21,3120000000,0,0,0,0,0,0,0,0,0,3.68617524735871,64285.3149980435,-0.908171684480805,1.0063456358472,174.408854603388,High GDP,0,0,Non-Farm,3.686175247358712,64285.31499804349,174.40885460338757,FALSE,0.06,-0.908171684480802,1.0063456358472,0.453503308922277,-0.845216590404644,4.562001728433611,-0.624646986482954,8,8,8,8,8,40
158,NETHERLANDS,HOSP,wageningen,51.44,4.26,12,1,0.61,0.56,6,0,65941989,39635,17889000,1150000000000,21,3120000000,0,0,0,0,0,0,0,0,0,3.68617524735871,64285.3149980435,-0.908171684480805,1.0063456358472,174.408854603388,High GDP,0,0,Non-Farm,3.686175247358712,64285.31499804349,174.40885460338757,FALSE,0.06,-0.908171684480802,1.0063456358472,0.453503308922277,-0.845216590404644,4.562001728433611,-0.624646986482954,8,8,8,8,8,40
160,NETHERLANDS,HOSP,wageningen,51.44,4.26,12,1,0.61,0.56,6,0,65941989,39635,17889000,1150000000000,21,3120000000,0,0,0,0,0,0,0,0,0,3.68617524735871,64285.3149980435,-0.908171684480805,1.0063456358472,174.408854603388,High GDP,0,0,Non-Farm,3.686175247358712,64285.31499804349,174.40885460338757,FALSE,0.06,-0.908171684480802,1.0063456358472,0.453503308922277,-0.845216590404644,4.562001728433611,-0.624646986482954,8,8,8,8,8,40
162,NETHERLANDS,HOSP,wageningen,51.44,4.26,12,1,0.61,0.56,6,0,65941989,39635,17889000,1150000000000,21,3120000000,0,0,0,0,0,0,0,0,0,3.68617524735871,64285.3149980435,-0.908171684480805,1.0063456358472,174.408854603388,High GDP,0,0,Non-Farm,3.686175247358712,64285.31499804349,174.40885460338757,FALSE,0.06,-0.908171684480802,1.0063456358472,0.453503308922277,-0.845216590404644,4.562001728433611,-0.624646986482954,8,8,8,8,8,40
163,NETHERLANDS,HOSP,wageningen,51.44,4.26,12,1,0.61,0.56,6,0,65941989,39635,17889000,1150000000000,21,3120000000,0,0,0,0,0,0,0,0,0,3.68617524735871,64285.3149980435,-0.908171684480805,1.0063456358472,174.408854603388,High GDP,0,0,Non-Farm,3.686175247358712,64285.31499804349,174.40885460338757,FALSE,0.06,-0.908171684480802,1.0063456358472,0.453503308922277,-0.845216590404644,4.562001728433611,-0.624646986482954,8,8,8,8,8,40
164,NETHERLANDS,HOSP,wageningen,51.44,4.26,12,1,0.61,0.56,6,0,65941989,39635,17889000,1150000000000,21,3120000000,0,0,0,0,0,0,0,0,0,3.68617524735871,64285.3149980435,-0.908171684480805,1.0063456358472,174.408854603388,High GDP,0,0,Non-Farm,3.686175247358712,64285.31499804349,174.40885460338757,FALSE,0.06,-0.908171684480802,1.0063456358472,0.453503308922277,-0.845216590404644,4.562001728433611,-0.624646986482954,8,8,8,8,8,40
165,NETHERLANDS,HOSP,wageningen,51.44,4.26,12,1,0.61,0.56,6,0,65941989,39635,17889000,1150000000000,21,3120000000,0,0,0,1,0,1,0,0,0,3.68617524735871,64285.3149980435,-0.908171684480805,1.0063456358472,174.408854603388,High GDP,2,0.2222222222222222,Non-Farm,3.686175247358712,64285.31499804349,174.40885460338757,TRUE,0.06,-0.908171684480802,1.0063456358472,0.453503308922277,-0.845216590404644,4.562001728433611,-0.624646986482954,8,8,8,8,8,40
166,NETHERLANDS,HOSP,wageningen,51.44,4.26,12,1,0.61,0.56,6,0,65941989,39635,17889000,1150000000000,21,3120000000,0,0,0,0,0,0,0,0,0,3.68617524735871,64285.3149980435,-0.908171684480805,1.0063456358472,174.408854603388,High GDP,0,0,Non-Farm,3.686175247358712,64285.31499804349,174.40885460338757,FALSE,0.06,-0.908171684480802,1.0063456358472,0.453503308922277,-0.845216590404644,4.562001728433611,-0.624646986482954,8,8,8,8,8,40
167,NETHERLANDS,HOSP,wageningen,51.44,4.26,12,1,0.61,0.56,6,0,65941989,39635,17889000,1150000000000,21,3120000000,0,0,0,0,0,0,0,0,0,3.68617524735871,64285.3149980435,-0.908171684480805,1.0063456358472,174.408854603388,High GDP,0,0,Non-Farm,3.686175247358712,64285.31499804349,174.40885460338757,FALSE,0.06,-0.908171684480802,1.0063456358472,0.453503308922277,-0.845216590404644,4.562001728433611,-0.624646986482954,8,8,8,8,8,40
168,NETHERLANDS,HOSP,wageningen,51.44,4.26,12,1,0.61,0.56,6,0,65941989,39635,17889000,1150000000000,21,3120000000,0,0,0,0,0,0,0,0,0,3.68617524735871,64285.3149980435,-0.908171684480805,1.0063456358472,174.408854603388,High GDP,0,0,Non-Farm,3.686175247358712,64285.31499804349,174.40885460338757,FALSE,0.06,-0.908171684480802,1.0063456358472,0.453503308922277,-0.845216590404644,4.562001728433611,-0.624646986482954,8,8,8,8,8,40
169,NETHERLANDS,HOSP,wageningen,51.44,4.26,12,1,0.61,0.56,6,0,65941989,39635,17889000,1150000000000,21,3120000000,0,0,0,0,0,0,0,0,0,3.68617524735871,64285.3149980435,-0.908171684480805,1.0063456358472,174.408854603388,High GDP,0,0,Non-Farm,3.686175247358712,64285.31499804349,174.40885460338757,FALSE,0.06,-0.908171684480802,1.0063456358472,0.453503308922277,-0.845216590404644,4.562001728433611,-0.624646986482954,8,8,8,8,8,40
170,NETHERLANDS,HOSP,wageningen,51.44,4.26,12,1,0.61,0.56,6,0,65941989,39635,17889000,1150000000000,21,3120000000,0,0,1,0,0,0,0,0,0,3.68617524735871,64285.3149980435,-0.908171684480805,1.0063456358472,174.408854603388,High GDP,1,0.1111111111111111,Non-Farm,3.686175247358712,64285.31499804349,174.40885460338757,TRUE,0.06,-0.908171684480802,1.0063456358472,0.453503308922277,-0.845216590404644,4.562001728433611,-0.624646986482954,8,8,8,8,8,40
171,NETHERLANDS,HOSP,wageningen,51.44,4.26,12,1,0.61,0.56,6,0,65941989,39635,17889000,1150000000000,21,3120000000,0,0,0,0,0,0,0,0,0,3.68617524735871,64285.3149980435,-0.908171684480805,1.0063456358472,174.408854603388,High GDP,0,0,Non-Farm,3.686175247358712,64285.31499804349,174.40885460338757,FALSE,0.06,-0.908171684480802,1.0063456358472,0.453503308922277,-0.845216590404644,4.562001728433611,-0.624646986482954,8,8,8,8,8,40
173,NETHERLANDS,HOSP,wageningen,51.44,4.26,12,1,0.61,0.56,6,0,65941989,39635,17889000,1150000000000,21,3120000000,0,0,0,0,0,0,0,0,0,3.68617524735871,64285.3149980435,-0.908171684480805,1.0063456358472,174.408854603388,High GDP,0,0,Non-Farm,3.686175247358712,64285.31499804349,174.40885460338757,FALSE,0.06,-0.908171684480802,1.0063456358472,0.453503308922277,-0.845216590404644,4.562001728433611,-0.624646986482954,8,8,8,8,8,40
174,NETHERLANDS,HOSP,wageningen,51.44,4.26,12,1,0.61,0.56,6,0,65941989,39635,17889000,1150000000000,21,3120000000,0,0,0,0,0,0,0,0,0,3.68617524735871,64285.3149980435,-0.908171684480805,1.0063456358472,174.408854603388,High GDP,0,0,Non-Farm,3.686175247358712,64285.31499804349,174.40885460338757,FALSE,0.06,-0.908171684480802,1.0063456358472,0.453503308922277,-0.845216590404644,4.562001728433611,-0.624646986482954,8,8,8,8,8,40
175,NETHERLANDS,HOSP,wageningen,51.44,4.26,12,1,0.61,0.56,6,0,65941989,39635,17889000,1150000000000,21,3120000000,0,0,0,1,0,0,0,0,0,3.68617524735871,64285.3149980435,-0.908171684480805,1.0063456358472,174.408854603388,High GDP,1,0.1111111111111111,Non-Farm,3.686175247358712,64285.31499804349,174.40885460338757,TRUE,0.06,-0.908171684480802,1.0063456358472,0.453503308922277,-0.845216590404644,4.562001728433611,-0.624646986482954,8,8,8,8,8,40
159,NETHERLANDS,HOSP,wageningen,51.44,4.26,12,1,0.61,0.56,6,0,65941989,39635,17889000,1150000000000,21,3120000000,0,0,0,1,1,0,0,0,0,3.68617524735871,64285.3149980435,-0.908171684480805,1.0063456358472,174.408854603388,High GDP,2,0.2222222222222222,Non-Farm,3.686175247358712,64285.31499804349,174.40885460338757,TRUE,0.06,-0.908171684480802,1.0063456358472,0.453503308922277,-0.845216590404644,4.562001728433611,-0.624646986482954,8,8,8,8,8,40
172,NETHERLANDS,HOSP,wageningen,51.44,4.26,12,1,0.61,0.56,6,0,65941989,39635,17889000,1150000000000,21,3120000000,0,0,0,1,0,0,0,0,0,3.68617524735871,64285.3149980435,-0.908171684480805,1.0063456358472,174.408854603388,High GDP,1,0.1111111111111111,Non-Farm,3.686175247358712,64285.31499804349,174.40885460338757,TRUE,0.06,-0.908171684480802,1.0063456358472,0.453503308922277,-0.845216590404644,4.562001728433611,-0.624646986482954,8,8,8,8,8,40
149,NETHERLANDS,HOSP,wageningen,51.44,4.26,12,1,0.61,0.56,6,0,65941989,39635,17889000,1150000000000,21,3120000000,0,0,0,1,0,0,0,0,0,3.68617524735871,64285.3149980435,-0.908171684480805,1.0063456358472,174.408854603388,High GDP,1,0.1111111111111111,Non-Farm,3.686175247358712,64285.31499804349,174.40885460338757,TRUE,0.06,-0.908171684480802,1.0063456358472,0.453503308922277,-0.845216590404644,4.562001728433611,-0.624646986482954,8,8,8,8,8,40
155,NETHERLANDS,HOSP,wageningen,51.44,4.26,12,1,0.61,0.56,6,0,65941989,39635,17889000,1150000000000,21,3120000000,0,0,0,1,0,0,0,0,0,3.68617524735871,64285.3149980435,-0.908171684480805,1.0063456358472,174.408854603388,High GDP,1,0.1111111111111111,Non-Farm,3.686175247358712,64285.31499804349,174.40885460338757,TRUE,0.06,-0.908171684480802,1.0063456358472,0.453503308922277,-0.845216590404644,4.562001728433611,-0.624646986482954,8,8,8,8,8,40
916,NEW ZEALAND,HOSP,Christchurch,-43.02,171.45,560,0,0.76,0.63,0,1,44958511,392100,5223000,252000000000,10,1480000000,0,0,0,0,0,0,0,0,0,8.60779456251197,48248.133256749,0.171479182877892,0.294515447326851,283.362052460272,Low GDP,0,0,Farm,8.607794562511966,48248.133256748995,283.36205246027185,FALSE,0,0.171479182877895,0.294515447326851,1.81809614727421,-1.06492418825623,114.97123229754311,2.32524025964347,5,4,4,4,4,21
917,NEW ZEALAND,HOSP,Christchurch,-43.02,171.45,560,0,0.76,0.63,0,1,44958511,392100,5223000,252000000000,10,1480000000,0,0,0,0,0,0,0,0,0,8.60779456251197,48248.133256749,0.171479182877892,0.294515447326851,283.362052460272,Low GDP,0,0,Farm,8.607794562511966,48248.133256748995,283.36205246027185,FALSE,0,0.171479182877895,0.294515447326851,1.81809614727421,-1.06492418825623,114.97123229754311,2.32524025964347,5,4,4,4,4,21
918,NEW ZEALAND,HOSP,Christchurch,-43.02,171.45,560,0,0.76,0.63,0,1,44958511,392100,5223000,252000000000,10,1480000000,0,0,0,0,0,0,0,0,0,8.60779456251197,48248.133256749,0.171479182877892,0.294515447326851,283.362052460272,Low GDP,0,0,Farm,8.607794562511966,48248.133256748995,283.36205246027185,FALSE,0,0.171479182877895,0.294515447326851,1.81809614727421,-1.06492418825623,114.97123229754311,2.32524025964347,5,4,4,4,4,21
919,NEW ZEALAND,HOSP,Christchurch,-43.02,171.45,560,0,0.76,0.63,0,1,44958511,392100,5223000,252000000000,10,1480000000,0,0,0,1,0,0,0,0,0,8.60779456251197,48248.133256749,0.171479182877892,0.294515447326851,283.362052460272,Low GDP,1,0.1111111111111111,Farm,8.607794562511966,48248.133256748995,283.36205246027185,TRUE,0,0.171479182877895,0.294515447326851,1.81809614727421,-1.06492418825623,114.97123229754311,2.32524025964347,5,4,4,4,4,21
920,NEW ZEALAND,HOSP,Christchurch,-43.02,171.45,560,0,0.76,0.63,0,1,44958511,392100,5223000,252000000000,10,1480000000,0,0,0,0,0,0,0,0,0,8.60779456251197,48248.133256749,0.171479182877892,0.294515447326851,283.362052460272,Low GDP,0,0,Farm,8.607794562511966,48248.133256748995,283.36205246027185,FALSE,0,0.171479182877895,0.294515447326851,1.81809614727421,-1.06492418825623,114.97123229754311,2.32524025964347,5,4,4,4,4,21
921,NEW ZEALAND,HOSP,Christchurch,-43.02,171.45,560,0,0.76,0.63,0,1,44958511,392100,5223000,252000000000,10,1480000000,0,0,0,0,0,0,0,0,0,8.60779456251197,48248.133256749,0.171479182877892,0.294515447326851,283.362052460272,Low GDP,0,0,Farm,8.607794562511966,48248.133256748995,283.36205246027185,FALSE,0,0.171479182877895,0.294515447326851,1.81809614727421,-1.06492418825623,114.97123229754311,2.32524025964347,5,4,4,4,4,21
922,NEW ZEALAND,HOSP,Christchurch,-43.02,171.45,560,0,0.76,0.63,0,1,44958511,392100,5223000,252000000000,10,1480000000,0,0,0,0,0,0,0,0,0,8.60779456251197,48248.133256749,0.171479182877892,0.294515447326851,283.362052460272,Low GDP,0,0,Farm,8.607794562511966,48248.133256748995,283.36205246027185,FALSE,0,0.171479182877895,0.294515447326851,1.81809614727421,-1.06492418825623,114.97123229754311,2.32524025964347,5,4,4,4,4,21
923,NEW ZEALAND,HOSP,Christchurch,-43.02,171.45,560,0,0.76,0.63,0,1,44958511,392100,5223000,252000000000,10,1480000000,0,0,0,1,0,0,0,0,0,8.60779456251197,48248.133256749,0.171479182877892,0.294515447326851,283.362052460272,Low GDP,1,0.1111111111111111,Farm,8.607794562511966,48248.133256748995,283.36205246027185,TRUE,0,0.171479182877895,0.294515447326851,1.81809614727421,-1.06492418825623,114.97123229754311,2.32524025964347,5,4,4,4,4,21
924,NEW ZEALAND,HOSP,Christchurch,-43.02,171.45,560,0,0.76,0.63,0,1,44958511,392100,5223000,252000000000,10,1480000000,0,0,0,0,0,0,0,0,0,8.60779456251197,48248.133256749,0.171479182877892,0.294515447326851,283.362052460272,Low GDP,0,0,Farm,8.607794562511966,48248.133256748995,283.36205246027185,FALSE,0,0.171479182877895,0.294515447326851,1.81809614727421,-1.06492418825623,114.97123229754311,2.32524025964347,5,4,4,4,4,21
925,NEW ZEALAND,HOSP,Christchurch,-43.02,171.45,560,0,0.76,0.63,0,1,44958511,392100,5223000,252000000000,10,1480000000,0,0,0,1,0,0,0,0,0,8.60779456251197,48248.133256749,0.171479182877892,0.294515447326851,283.362052460272,Low GDP,1,0.1111111111111111,Farm,8.607794562511966,48248.133256748995,283.36205246027185,TRUE,0,0.171479182877895,0.294515447326851,1.81809614727421,-1.06492418825623,114.97123229754311,2.32524025964347,5,4,4,4,4,21
926,NEW ZEALAND,HOSP,Christchurch,-43.02,171.45,560,0,0.76,0.63,0,1,44958511,392100,5223000,252000000000,10,1480000000,0,0,0,0,0,0,0,0,0,8.60779456251197,48248.133256749,0.171479182877892,0.294515447326851,283.362052460272,Low GDP,0,0,Farm,8.607794562511966,48248.133256748995,283.36205246027185,FALSE,0,0.171479182877895,0.294515447326851,1.81809614727421,-1.06492418825623,114.97123229754311,2.32524025964347,5,4,4,4,4,21
927,NEW ZEALAND,HOSP,Christchurch,-43.02,171.45,560,0,0.76,0.63,0,1,44958511,392100,5223000,252000000000,10,1480000000,0,0,0,1,0,0,0,0,0,8.60779456251197,48248.133256749,0.171479182877892,0.294515447326851,283.362052460272,Low GDP,1,0.1111111111111111,Farm,8.607794562511966,48248.133256748995,283.36205246027185,TRUE,0,0.171479182877895,0.294515447326851,1.81809614727421,-1.06492418825623,114.97123229754311,2.32524025964347,5,4,4,4,4,21
928,NEW ZEALAND,HOSP,Christchurch,-43.02,171.45,560,0,0.76,0.63,0,1,44958511,392100,5223000,252000000000,10,1480000000,0,0,0,0,0,0,0,0,0,8.60779456251197,48248.133256749,0.171479182877892,0.294515447326851,283.362052460272,Low GDP,0,0,Farm,8.607794562511966,48248.133256748995,283.36205246027185,FALSE,0,0.171479182877895,0.294515447326851,1.81809614727421,-1.06492418825623,114.97123229754311,2.32524025964347,5,4,4,4,4,21
929,NEW ZEALAND,HOSP,Christchurch,-43.02,171.45,560,0,0.76,0.63,0,1,44958511,392100,5223000,252000000000,10,1480000000,0,0,0,1,0,0,0,0,0,8.60779456251197,48248.133256749,0.171479182877892,0.294515447326851,283.362052460272,Low GDP,1,0.1111111111111111,Farm,8.607794562511966,48248.133256748995,283.36205246027185,TRUE,0,0.171479182877895,0.294515447326851,1.81809614727421,-1.06492418825623,114.97123229754311,2.32524025964347,5,4,4,4,4,21
930,NEW ZEALAND,HOSP,Christchurch,-43.02,171.45,560,0,0.76,0.63,0,1,44958511,392100,5223000,252000000000,10,1480000000,0,0,0,1,0,0,0,0,0,8.60779456251197,48248.133256749,0.171479182877892,0.294515447326851,283.362052460272,Low GDP,1,0.1111111111111111,Farm,8.607794562511966,48248.133256748995,283.36205246027185,TRUE,0,0.171479182877895,0.294515447326851,1.81809614727421,-1.06492418825623,114.97123229754311,2.32524025964347,5,4,4,4,4,21
946,NEW ZEALAND,HOSP,Christchurch,-43.02,171.45,560,0,0.76,0.63,0,1,44958511,392100,5223000,252000000000,10,1480000000,0,0,0,1,0,0,0,0,0,8.60779456251197,48248.133256749,0.171479182877892,0.294515447326851,283.362052460272,Low GDP,1,0.1111111111111111,Farm,8.607794562511966,48248.133256748995,283.36205246027185,TRUE,0,0.171479182877895,0.294515447326851,1.81809614727421,-1.06492418825623,114.97123229754311,2.32524025964347,5,4,4,4,4,21
947,NEW ZEALAND,HOSP,Christchurch,-43.02,171.45,560,0,0.76,0.63,0,1,44958511,392100,5223000,252000000000,10,1480000000,0,0,0,1,0,0,0,0,0,8.60779456251197,48248.133256749,0.171479182877892,0.294515447326851,283.362052460272,Low GDP,1,0.1111111111111111,Farm,8.607794562511966,48248.133256748995,283.36205246027185,TRUE,0,0.171479182877895,0.294515447326851,1.81809614727421,-1.06492418825623,114.97123229754311,2.32524025964347,5,4,4,4,4,21
948,NEW ZEALAND,HOSP,Christchurch,-43.02,171.45,560,0,0.76,0.63,0,1,44958511,392100,5223000,252000000000,10,1480000000,0,0,0,0,0,0,0,0,0,8.60779456251197,48248.133256749,0.171479182877892,0.294515447326851,283.362052460272,Low GDP,0,0,Farm,8.607794562511966,48248.133256748995,283.36205246027185,FALSE,0,0.171479182877895,0.294515447326851,1.81809614727421,-1.06492418825623,114.97123229754311,2.32524025964347,5,4,4,4,4,21
949,NEW ZEALAND,HOSP,Christchurch,-43.02,171.45,560,0,0.76,0.63,0,1,44958511,392100,5223000,252000000000,10,1480000000,0,0,0,1,0,0,0,0,0,8.60779456251197,48248.133256749,0.171479182877892,0.294515447326851,283.362052460272,Low GDP,1,0.1111111111111111,Farm,8.607794562511966,48248.133256748995,283.36205246027185,TRUE,0,0.171479182877895,0.294515447326851,1.81809614727421,-1.06492418825623,114.97123229754311,2.32524025964347,5,4,4,4,4,21
950,NEW ZEALAND,HOSP,Christchurch,-43.02,171.45,560,0,0.76,0.63,0,1,44958511,392100,5223000,252000000000,10,1480000000,0,0,0,1,0,0,0,0,0,8.60779456251197,48248.133256749,0.171479182877892,0.294515447326851,283.362052460272,Low GDP,1,0.1111111111111111,Farm,8.607794562511966,48248.133256748995,283.36205246027185,TRUE,0,0.171479182877895,0.294515447326851,1.81809614727421,-1.06492418825623,114.97123229754311,2.32524025964347,5,4,4,4,4,21
951,NEW ZEALAND,HOSP,Christchurch,-43.02,171.45,560,0,0.76,0.63,0,1,44958511,392100,5223000,252000000000,10,1480000000,0,0,0,0,0,0,0,0,0,8.60779456251197,48248.133256749,0.171479182877892,0.294515447326851,283.362052460272,Low GDP,0,0,Farm,8.607794562511966,48248.133256748995,283.36205246027185,FALSE,0,0.171479182877895,0.294515447326851,1.81809614727421,-1.06492418825623,114.97123229754311,2.32524025964347,5,4,4,4,4,21
952,NEW ZEALAND,HOSP,Christchurch,-43.02,171.45,560,0,0.76,0.63,0,1,44958511,392100,5223000,252000000000,10,1480000000,0,0,0,0,0,0,0,0,0,8.60779456251197,48248.133256749,0.171479182877892,0.294515447326851,283.362052460272,Low GDP,0,0,Farm,8.607794562511966,48248.133256748995,283.36205246027185,FALSE,0,0.171479182877895,0.294515447326851,1.81809614727421,-1.06492418825623,114.97123229754311,2.32524025964347,5,4,4,4,4,21
953,NEW ZEALAND,HOSP,Christchurch,-43.02,171.45,560,0,0.76,0.63,0,1,44958511,392100,5223000,252000000000,10,1480000000,0,0,0,0,0,0,0,0,0,8.60779456251197,48248.133256749,0.171479182877892,0.294515447326851,283.362052460272,Low GDP,0,0,Farm,8.607794562511966,48248.133256748995,283.36205246027185,FALSE,0,0.171479182877895,0.294515447326851,1.81809614727421,-1.06492418825623,114.97123229754311,2.32524025964347,5,4,4,4,4,21
954,NEW ZEALAND,HOSP,Christchurch,-43.02,171.45,560,0,0.76,0.63,0,1,44958511,392100,5223000,252000000000,10,1480000000,0,0,0,1,0,0,0,0,0,8.60779456251197,48248.133256749,0.171479182877892,0.294515447326851,283.362052460272,Low GDP,1,0.1111111111111111,Farm,8.607794562511966,48248.133256748995,283.36205246027185,TRUE,0,0.171479182877895,0.294515447326851,1.81809614727421,-1.06492418825623,114.97123229754311,2.32524025964347,5,4,4,4,4,21
955,NEW ZEALAND,HOSP,Christchurch,-43.02,171.45,560,0,0.76,0.63,0,1,44958511,392100,5223000,252000000000,10,1480000000,0,0,0,0,0,0,0,0,0,8.60779456251197,48248.133256749,0.171479182877892,0.294515447326851,283.362052460272,Low GDP,0,0,Farm,8.607794562511966,48248.133256748995,283.36205246027185,FALSE,0,0.171479182877895,0.294515447326851,1.81809614727421,-1.06492418825623,114.97123229754311,2.32524025964347,5,4,4,4,4,21
956,NEW ZEALAND,HOSP,Christchurch,-43.02,171.45,560,0,0.76,0.63,0,1,44958511,392100,5223000,252000000000,10,1480000000,0,0,0,0,0,0,0,0,0,8.60779456251197,48248.133256749,0.171479182877892,0.294515447326851,283.362052460272,Low GDP,0,0,Farm,8.607794562511966,48248.133256748995,283.36205246027185,FALSE,0,0.171479182877895,0.294515447326851,1.81809614727421,-1.06492418825623,114.97123229754311,2.32524025964347,5,4,4,4,4,21
957,NEW ZEALAND,HOSP,Christchurch,-43.02,171.45,560,0,0.76,0.63,0,1,44958511,392100,5223000,252000000000,10,1480000000,0,0,0,0,0,0,0,0,0,8.60779456251197,48248.133256749,0.171479182877892,0.294515447326851,283.362052460272,Low GDP,0,0,Farm,8.607794562511966,48248.133256748995,283.36205246027185,FALSE,0,0.171479182877895,0.294515447326851,1.81809614727421,-1.06492418825623,114.97123229754311,2.32524025964347,5,4,4,4,4,21
958,NEW ZEALAND,HOSP,Christchurch,-43.02,171.45,560,0,0.76,0.63,0,1,44958511,392100,5223000,252000000000,10,1480000000,0,0,0,0,0,0,0,0,0,8.60779456251197,48248.133256749,0.171479182877892,0.294515447326851,283.362052460272,Low GDP,0,0,Farm,8.607794562511966,48248.133256748995,283.36205246027185,FALSE,0,0.171479182877895,0.294515447326851,1.81809614727421,-1.06492418825623,114.97123229754311,2.32524025964347,5,4,4,4,4,21
959,NEW ZEALAND,HOSP,Christchurch,-43.02,171.45,560,0,0.76,0.63,0,1,44958511,392100,5223000,252000000000,10,1480000000,0,0,0,0,0,0,0,0,0,8.60779456251197,48248.133256749,0.171479182877892,0.294515447326851,283.362052460272,Low GDP,0,0,Farm,8.607794562511966,48248.133256748995,283.36205246027185,FALSE,0,0.171479182877895,0.294515447326851,1.81809614727421,-1.06492418825623,114.97123229754311,2.32524025964347,5,4,4,4,4,21
960,NEW ZEALAND,HOSP,Christchurch,-43.02,171.45,560,0,0.76,0.63,0,1,44958511,392100,5223000,252000000000,10,1480000000,0,0,0,1,0,0,0,0,0,8.60779456251197,48248.133256749,0.171479182877892,0.294515447326851,283.362052460272,Low GDP,1,0.1111111111111111,Farm,8.607794562511966,48248.133256748995,283.36205246027185,TRUE,0,0.171479182877895,0.294515447326851,1.81809614727421,-1.06492418825623,114.97123229754311,2.32524025964347,5,4,4,4,4,21
3317,SENEGAL,HOSP,M'bour,14.22,-16.9667,11.6,0,1,0.72,19,0,60999489,284189,18080000,30850000000,20,302559000,0,0,0,0,0,0,0,0,0,3.3738655420354,1706.30530973451,-0.97668276236907,-1.77130127134873,16.7344579646018,Low GDP,0,0,Non-Farm,3.3738655420353982,1706.3053097345132,16.73445796460177,FALSE,0.19,-0.976682762369068,-1.77130127134873,-1.52130198983889,-0.865190008391152,4.580098683150692,-0.624163476402878,1,1,1,1,1,5
3318,SENEGAL,HOSP,M'bour,14.22,-16.9667,11.6,0,1,0.72,19,0,60999489,284189,18080000,30850000000,20,302559000,0,0,0,0,0,0,0,0,0,3.3738655420354,1706.30530973451,-0.97668276236907,-1.77130127134873,16.7344579646018,Low GDP,0,0,Non-Farm,3.3738655420353982,1706.3053097345132,16.73445796460177,FALSE,0.19,-0.976682762369068,-1.77130127134873,-1.52130198983889,-0.865190008391152,4.580098683150692,-0.624163476402878,1,1,1,1,1,5
3319,SENEGAL,HOSP,M'bour,14.22,-16.9667,11.6,0,1,0.72,19,0,60999489,284189,18080000,30850000000,20,302559000,0,0,0,0,0,0,0,0,0,3.3738655420354,1706.30530973451,-0.97668276236907,-1.77130127134873,16.7344579646018,Low GDP,0,0,Non-Farm,3.3738655420353982,1706.3053097345132,16.73445796460177,FALSE,0.19,-0.976682762369068,-1.77130127134873,-1.52130198983889,-0.865190008391152,4.580098683150692,-0.624163476402878,1,1,1,1,1,5
3320,SENEGAL,HOSP,M'bour,14.22,-16.9667,11.6,0,1,0.72,19,0,60999489,284189,18080000,30850000000,20,302559000,0,0,0,1,0,0,0,0,0,3.3738655420354,1706.30530973451,-0.97668276236907,-1.77130127134873,16.7344579646018,Low GDP,1,0.1111111111111111,Non-Farm,3.3738655420353982,1706.3053097345132,16.73445796460177,TRUE,0.19,-0.976682762369068,-1.77130127134873,-1.52130198983889,-0.865190008391152,4.580098683150692,-0.624163476402878,1,1,1,1,1,5
3321,SENEGAL,HOSP,M'bour,14.22,-16.9667,11.6,0,1,0.72,19,0,60999489,284189,18080000,30850000000,20,302559000,0,0,0,1,0,0,0,0,0,3.3738655420354,1706.30530973451,-0.97668276236907,-1.77130127134873,16.7344579646018,Low GDP,1,0.1111111111111111,Non-Farm,3.3738655420353982,1706.3053097345132,16.73445796460177,TRUE,0.19,-0.976682762369068,-1.77130127134873,-1.52130198983889,-0.865190008391152,4.580098683150692,-0.624163476402878,1,1,1,1,1,5
3322,SENEGAL,HOSP,M'bour,14.22,-16.9667,11.6,0,1,0.72,19,0,60999489,284189,18080000,30850000000,20,302559000,0,0,0,0,0,1,0,0,0,3.3738655420354,1706.30530973451,-0.97668276236907,-1.77130127134873,16.7344579646018,Low GDP,1,0.1111111111111111,Non-Farm,3.3738655420353982,1706.3053097345132,16.73445796460177,TRUE,0.19,-0.976682762369068,-1.77130127134873,-1.52130198983889,-0.865190008391152,4.580098683150692,-0.624163476402878,1,1,1,1,1,5
3323,SENEGAL,HOSP,M'bour,14.22,-16.9667,11.6,0,1,0.72,19,0,60999489,284189,18080000,30850000000,20,302559000,0,0,0,1,0,0,0,0,0,3.3738655420354,1706.30530973451,-0.97668276236907,-1.77130127134873,16.7344579646018,Low GDP,1,0.1111111111111111,Non-Farm,3.3738655420353982,1706.3053097345132,16.73445796460177,TRUE,0.19,-0.976682762369068,-1.77130127134873,-1.52130198983889,-0.865190008391152,4.580098683150692,-0.624163476402878,1,1,1,1,1,5
3324,SENEGAL,HOSP,M'bour,14.22,-16.9667,11.6,0,1,0.72,19,0,60999489,284189,18080000,30850000000,20,302559000,0,0,0,0,0,0,0,0,0,3.3738655420354,1706.30530973451,-0.97668276236907,-1.77130127134873,16.7344579646018,Low GDP,0,0,Non-Farm,3.3738655420353982,1706.3053097345132,16.73445796460177,FALSE,0.19,-0.976682762369068,-1.77130127134873,-1.52130198983889,-0.865190008391152,4.580098683150692,-0.624163476402878,1,1,1,1,1,5
3325,SENEGAL,HOSP,M'bour,14.22,-16.9667,11.6,0,1,0.72,19,0,60999489,284189,18080000,30850000000,20,302559000,0,0,0,1,0,0,0,0,0,3.3738655420354,1706.30530973451,-0.97668276236907,-1.77130127134873,16.7344579646018,Low GDP,1,0.1111111111111111,Non-Farm,3.3738655420353982,1706.3053097345132,16.73445796460177,TRUE,0.19,-0.976682762369068,-1.77130127134873,-1.52130198983889,-0.865190008391152,4.580098683150692,-0.624163476402878,1,1,1,1,1,5
3326,SENEGAL,HOSP,M'bour,14.22,-16.9667,11.6,0,1,0.72,19,0,60999489,284189,18080000,30850000000,20,302559000,0,0,0,0,0,0,0,0,0,3.3738655420354,1706.30530973451,-0.97668276236907,-1.77130127134873,16.7344579646018,Low GDP,0,0,Non-Farm,3.3738655420353982,1706.3053097345132,16.73445796460177,FALSE,0.19,-0.976682762369068,-1.77130127134873,-1.52130198983889,-0.865190008391152,4.580098683150692,-0.624163476402878,1,1,1,1,1,5
3327,SENEGAL,HOSP,M'bour,14.22,-16.9667,11.6,0,1,0.72,19,0,60999489,284189,18080000,30850000000,20,302559000,0,0,0,1,0,0,0,0,0,3.3738655420354,1706.30530973451,-0.97668276236907,-1.77130127134873,16.7344579646018,Low GDP,1,0.1111111111111111,Non-Farm,3.3738655420353982,1706.3053097345132,16.73445796460177,TRUE,0.19,-0.976682762369068,-1.77130127134873,-1.52130198983889,-0.865190008391152,4.580098683150692,-0.624163476402878,1,1,1,1,1,5
3328,SENEGAL,HOSP,M'bour,14.22,-16.9667,11.6,0,1,0.72,19,0,60999489,284189,18080000,30850000000,20,302559000,0,0,0,0,0,0,0,0,0,3.3738655420354,1706.30530973451,-0.97668276236907,-1.77130127134873,16.7344579646018,Low GDP,0,0,Non-Farm,3.3738655420353982,1706.3053097345132,16.73445796460177,FALSE,0.19,-0.976682762369068,-1.77130127134873,-1.52130198983889,-0.865190008391152,4.580098683150692,-0.624163476402878,1,1,1,1,1,5
3329,SENEGAL,HOSP,M'bour,14.22,-16.9667,11.6,0,1,0.72,19,0,60999489,284189,18080000,30850000000,20,302559000,0,0,0,1,0,0,0,0,0,3.3738655420354,1706.30530973451,-0.97668276236907,-1.77130127134873,16.7344579646018,Low GDP,1,0.1111111111111111,Non-Farm,3.3738655420353982,1706.3053097345132,16.73445796460177,TRUE,0.19,-0.976682762369068,-1.77130127134873,-1.52130198983889,-0.865190008391152,4.580098683150692,-0.624163476402878,1,1,1,1,1,5
3330,SENEGAL,HOSP,M'bour,14.22,-16.9667,11.6,0,1,0.72,19,0,60999489,284189,18080000,30850000000,20,302559000,0,0,0,0,0,0,0,0,0,3.3738655420354,1706.30530973451,-0.97668276236907,-1.77130127134873,16.7344579646018,Low GDP,0,0,Non-Farm,3.3738655420353982,1706.3053097345132,16.73445796460177,FALSE,0.19,-0.976682762369068,-1.77130127134873,-1.52130198983889,-0.865190008391152,4.580098683150692,-0.624163476402878,1,1,1,1,1,5
3331,SENEGAL,HOSP,M'bour,14.22,-16.9667,11.6,0,1,0.72,19,0,60999489,284189,18080000,30850000000,20,302559000,0,0,0,1,0,0,0,0,0,3.3738655420354,1706.30530973451,-0.97668276236907,-1.77130127134873,16.7344579646018,Low GDP,1,0.1111111111111111,Non-Farm,3.3738655420353982,1706.3053097345132,16.73445796460177,TRUE,0.19,-0.976682762369068,-1.77130127134873,-1.52130198983889,-0.865190008391152,4.580098683150692,-0.624163476402878,1,1,1,1,1,5
3332,SENEGAL,HOSP,M'bour,14.22,-16.9667,11.6,0,1,0.72,19,0,60999489,284189,18080000,30850000000,20,302559000,0,0,0,1,0,0,0,0,0,3.3738655420354,1706.30530973451,-0.97668276236907,-1.77130127134873,16.7344579646018,Low GDP,1,0.1111111111111111,Non-Farm,3.3738655420353982,1706.3053097345132,16.73445796460177,TRUE,0.19,-0.976682762369068,-1.77130127134873,-1.52130198983889,-0.865190008391152,4.580098683150692,-0.624163476402878,1,1,1,1,1,5
3333,SENEGAL,HOSP,M'bour,14.22,-16.9667,11.6,0,1,0.72,19,0,60999489,284189,18080000,30850000000,20,302559000,0,0,0,1,0,0,0,0,0,3.3738655420354,1706.30530973451,-0.97668276236907,-1.77130127134873,16.7344579646018,Low GDP,1,0.1111111111111111,Non-Farm,3.3738655420353982,1706.3053097345132,16.73445796460177,TRUE,0.19,-0.976682762369068,-1.77130127134873,-1.52130198983889,-0.865190008391152,4.580098683150692,-0.624163476402878,1,1,1,1,1,5
3334,SENEGAL,HOSP,M'bour,14.22,-16.9667,11.6,0,1,0.72,19,0,60999489,284189,18080000,30850000000,20,302559000,0,0,0,1,0,0,0,0,0,3.3738655420354,1706.30530973451,-0.97668276236907,-1.77130127134873,16.7344579646018,Low GDP,1,0.1111111111111111,Non-Farm,3.3738655420353982,1706.3053097345132,16.73445796460177,TRUE,0.19,-0.976682762369068,-1.77130127134873,-1.52130198983889,-0.865190008391152,4.580098683150692,-0.624163476402878,1,1,1,1,1,5
3335,SENEGAL,HOSP,M'bour,14.22,-16.9667,11.6,0,1,0.72,19,0,60999489,284189,18080000,30850000000,20,302559000,0,0,0,1,0,0,0,0,0,3.3738655420354,1706.30530973451,-0.97668276236907,-1.77130127134873,16.7344579646018,Low GDP,1,0.1111111111111111,Non-Farm,3.3738655420353982,1706.3053097345132,16.73445796460177,TRUE,0.19,-0.976682762369068,-1.77130127134873,-1.52130198983889,-0.865190008391152,4.580098683150692,-0.624163476402878,1,1,1,1,1,5
3339,SENEGAL,HOSP,M'bour,14.22,-16.9667,11.6,0,1,0.72,19,0,60999489,284189,18080000,30850000000,20,302559000,0,0,0,0,0,0,0,0,0,3.3738655420354,1706.30530973451,-0.97668276236907,-1.77130127134873,16.7344579646018,Low GDP,0,0,Non-Farm,3.3738655420353982,1706.3053097345132,16.73445796460177,FALSE,0.19,-0.976682762369068,-1.77130127134873,-1.52130198983889,-0.865190008391152,4.580098683150692,-0.624163476402878,1,1,1,1,1,5
3343,SENEGAL,HOSP,M'bour,14.22,-16.9667,11.6,0,1,0.72,19,0,60999489,284189,18080000,30850000000,20,302559000,0,0,0,1,0,0,0,0,0,3.3738655420354,1706.30530973451,-0.97668276236907,-1.77130127134873,16.7344579646018,Low GDP,1,0.1111111111111111,Non-Farm,3.3738655420353982,1706.3053097345132,16.73445796460177,TRUE,0.19,-0.976682762369068,-1.77130127134873,-1.52130198983889,-0.865190008391152,4.580098683150692,-0.624163476402878,1,1,1,1,1,5
3344,SENEGAL,HOSP,M'bour,14.22,-16.9667,11.6,0,1,0.72,19,0,60999489,284189,18080000,30850000000,20,302559000,0,0,0,1,0,0,0,0,0,3.3738655420354,1706.30530973451,-0.97668276236907,-1.77130127134873,16.7344579646018,Low GDP,1,0.1111111111111111,Non-Farm,3.3738655420353982,1706.3053097345132,16.73445796460177,TRUE,0.19,-0.976682762369068,-1.77130127134873,-1.52130198983889,-0.865190008391152,4.580098683150692,-0.624163476402878,1,1,1,1,1,5
3345,SENEGAL,HOSP,M'bour,14.22,-16.9667,11.6,0,1,0.72,19,0,60999489,284189,18080000,30850000000,20,302559000,0,0,1,0,0,0,0,0,0,3.3738655420354,1706.30530973451,-0.97668276236907,-1.77130127134873,16.7344579646018,Low GDP,1,0.1111111111111111,Non-Farm,3.3738655420353982,1706.3053097345132,16.73445796460177,TRUE,0.19,-0.976682762369068,-1.77130127134873,-1.52130198983889,-0.865190008391152,4.580098683150692,-0.624163476402878,1,1,1,1,1,5
3348,SENEGAL,HOSP,M'bour,14.22,-16.9667,11.6,0,1,0.72,19,0,60999489,284189,18080000,30850000000,20,302559000,0,0,0,1,0,0,0,0,0,3.3738655420354,1706.30530973451,-0.97668276236907,-1.77130127134873,16.7344579646018,Low GDP,1,0.1111111111111111,Non-Farm,3.3738655420353982,1706.3053097345132,16.73445796460177,TRUE,0.19,-0.976682762369068,-1.77130127134873,-1.52130198983889,-0.865190008391152,4.580098683150692,-0.624163476402878,1,1,1,1,1,5
3277,SPAIN,HOSP,Valencia,39.22,-0.42,12,1,0.8,0.36,4,1,513346264,788842,48350000,1620000000000,79,7500000000,0,0,0,1,0,0,0,0,0,10.6172960496381,33505.6876938987,0.61230157985898,-0.359846271180907,155.11892450879,High GDP,1,0.1111111111111111,Farm,10.617296049638055,33505.68769389865,155.11892450879006,TRUE,0.04,0.612301579858982,-0.359846271180907,0.21190507245772,0.313241652812788,5.359133570232277,-0.60334940980859,4,5,5,5,7,26
3278,SPAIN,HOSP,Valencia,39.22,-0.42,12,1,0.8,0.36,4,1,513346264,788842,48350000,1620000000000,79,7500000000,0,0,0,1,0,0,0,0,0,10.6172960496381,33505.6876938987,0.61230157985898,-0.359846271180907,155.11892450879,High GDP,1,0.1111111111111111,Farm,10.617296049638055,33505.68769389865,155.11892450879006,TRUE,0.04,0.612301579858982,-0.359846271180907,0.21190507245772,0.313241652812788,5.359133570232277,-0.60334940980859,4,5,5,5,7,26
3279,SPAIN,HOSP,Valencia,39.22,-0.42,12,1,0.8,0.36,4,1,513346264,788842,48350000,1620000000000,79,7500000000,0,0,0,1,0,0,0,0,0,10.6172960496381,33505.6876938987,0.61230157985898,-0.359846271180907,155.11892450879,High GDP,1,0.1111111111111111,Farm,10.617296049638055,33505.68769389865,155.11892450879006,TRUE,0.04,0.612301579858982,-0.359846271180907,0.21190507245772,0.313241652812788,5.359133570232277,-0.60334940980859,4,5,5,5,7,26
3280,SPAIN,HOSP,Valencia,39.22,-0.42,12,1,0.8,0.36,4,1,513346264,788842,48350000,1620000000000,79,7500000000,0,0,0,1,0,0,0,0,0,10.6172960496381,33505.6876938987,0.61230157985898,-0.359846271180907,155.11892450879,High GDP,1,0.1111111111111111,Farm,10.617296049638055,33505.68769389865,155.11892450879006,TRUE,0.04,0.612301579858982,-0.359846271180907,0.21190507245772,0.313241652812788,5.359133570232277,-0.60334940980859,4,5,5,5,7,26
3281,SPAIN,HOSP,Valencia,39.22,-0.42,12,1,0.8,0.36,4,1,513346264,788842,48350000,1620000000000,79,7500000000,0,0,0,1,0,1,0,0,0,10.6172960496381,33505.6876938987,0.61230157985898,-0.359846271180907,155.11892450879,High GDP,2,0.2222222222222222,Farm,10.617296049638055,33505.68769389865,155.11892450879006,TRUE,0.04,0.612301579858982,-0.359846271180907,0.21190507245772,0.313241652812788,5.359133570232277,-0.60334940980859,4,5,5,5,7,26
3282,SPAIN,HOSP,Valencia,39.22,-0.42,12,1,0.8,0.36,4,1,513346264,788842,48350000,1620000000000,79,7500000000,0,0,0,1,0,0,0,0,0,10.6172960496381,33505.6876938987,0.61230157985898,-0.359846271180907,155.11892450879,High GDP,1,0.1111111111111111,Farm,10.617296049638055,33505.68769389865,155.11892450879006,TRUE,0.04,0.612301579858982,-0.359846271180907,0.21190507245772,0.313241652812788,5.359133570232277,-0.60334940980859,4,5,5,5,7,26
3283,SPAIN,HOSP,Valencia,39.22,-0.42,12,1,0.8,0.36,4,1,513346264,788842,48350000,1620000000000,79,7500000000,0,0,0,0,0,0,0,0,0,10.6172960496381,33505.6876938987,0.61230157985898,-0.359846271180907,155.11892450879,High GDP,0,0,Farm,10.617296049638055,33505.68769389865,155.11892450879006,FALSE,0.04,0.612301579858982,-0.359846271180907,0.21190507245772,0.313241652812788,5.359133570232277,-0.60334940980859,4,5,5,5,7,26
3284,SPAIN,HOSP,Valencia,39.22,-0.42,12,1,0.8,0.36,4,1,513346264,788842,48350000,1620000000000,79,7500000000,0,0,0,0,0,0,0,0,0,10.6172960496381,33505.6876938987,0.61230157985898,-0.359846271180907,155.11892450879,High GDP,0,0,Farm,10.617296049638055,33505.68769389865,155.11892450879006,FALSE,0.04,0.612301579858982,-0.359846271180907,0.21190507245772,0.313241652812788,5.359133570232277,-0.60334940980859,4,5,5,5,7,26
3285,SPAIN,HOSP,Valencia,39.22,-0.42,12,1,0.8,0.36,4,1,513346264,788842,48350000,1620000000000,79,7500000000,0,0,0,1,0,0,0,0,0,10.6172960496381,33505.6876938987,0.61230157985898,-0.359846271180907,155.11892450879,High GDP,1,0.1111111111111111,Farm,10.617296049638055,33505.68769389865,155.11892450879006,TRUE,0.04,0.612301579858982,-0.359846271180907,0.21190507245772,0.313241652812788,5.359133570232277,-0.60334940980859,4,5,5,5,7,26
3286,SPAIN,HOSP,Valencia,39.22,-0.42,12,1,0.8,0.36,4,1,513346264,788842,48350000,1620000000000,79,7500000000,0,0,0,1,0,0,0,0,0,10.6172960496381,33505.6876938987,0.61230157985898,-0.359846271180907,155.11892450879,High GDP,1,0.1111111111111111,Farm,10.617296049638055,33505.68769389865,155.11892450879006,TRUE,0.04,0.612301579858982,-0.359846271180907,0.21190507245772,0.313241652812788,5.359133570232277,-0.60334940980859,4,5,5,5,7,26
3297,SPAIN,HOSP,Valencia,39.22,-0.42,12,1,0.8,0.36,4,1,513346264,788842,48350000,1620000000000,79,7500000000,0,0,0,1,0,0,0,0,0,10.6172960496381,33505.6876938987,0.61230157985898,-0.359846271180907,155.11892450879,High GDP,1,0.1111111111111111,Farm,10.617296049638055,33505.68769389865,155.11892450879006,TRUE,0.04,0.612301579858982,-0.359846271180907,0.21190507245772,0.313241652812788,5.359133570232277,-0.60334940980859,4,5,5,5,7,26
3288,SPAIN,HOSP,Valencia,39.22,-0.42,12,1,0.8,0.36,4,1,513346264,788842,48350000,1620000000000,79,7500000000,0,0,0,1,0,0,0,0,0,10.6172960496381,33505.6876938987,0.61230157985898,-0.359846271180907,155.11892450879,High GDP,1,0.1111111111111111,Farm,10.617296049638055,33505.68769389865,155.11892450879006,TRUE,0.04,0.612301579858982,-0.359846271180907,0.21190507245772,0.313241652812788,5.359133570232277,-0.60334940980859,4,5,5,5,7,26
3289,SPAIN,HOSP,Valencia,39.22,-0.42,12,1,0.8,0.36,4,1,513346264,788842,48350000,1620000000000,79,7500000000,0,0,0,0,0,0,0,0,0,10.6172960496381,33505.6876938987,0.61230157985898,-0.359846271180907,155.11892450879,High GDP,0,0,Farm,10.617296049638055,33505.68769389865,155.11892450879006,FALSE,0.04,0.612301579858982,-0.359846271180907,0.21190507245772,0.313241652812788,5.359133570232277,-0.60334940980859,4,5,5,5,7,26
3290,SPAIN,HOSP,Valencia,39.22,-0.42,12,1,0.8,0.36,4,1,513346264,788842,48350000,1620000000000,79,7500000000,0,0,0,0,0,0,0,0,0,10.6172960496381,33505.6876938987,0.61230157985898,-0.359846271180907,155.11892450879,High GDP,0,0,Farm,10.617296049638055,33505.68769389865,155.11892450879006,FALSE,0.04,0.612301579858982,-0.359846271180907,0.21190507245772,0.313241652812788,5.359133570232277,-0.60334940980859,4,5,5,5,7,26
3291,SPAIN,HOSP,Valencia,39.22,-0.42,12,1,0.8,0.36,4,1,513346264,788842,48350000,1620000000000,79,7500000000,0,0,0,1,0,0,0,0,0,10.6172960496381,33505.6876938987,0.61230157985898,-0.359846271180907,155.11892450879,High GDP,1,0.1111111111111111,Farm,10.617296049638055,33505.68769389865,155.11892450879006,TRUE,0.04,0.612301579858982,-0.359846271180907,0.21190507245772,0.313241652812788,5.359133570232277,-0.60334940980859,4,5,5,5,7,26
3292,SPAIN,HOSP,Valencia,39.22,-0.42,12,1,0.8,0.36,4,1,513346264,788842,48350000,1620000000000,79,7500000000,0,0,0,0,0,0,0,0,0,10.6172960496381,33505.6876938987,0.61230157985898,-0.359846271180907,155.11892450879,High GDP,0,0,Farm,10.617296049638055,33505.68769389865,155.11892450879006,FALSE,0.04,0.612301579858982,-0.359846271180907,0.21190507245772,0.313241652812788,5.359133570232277,-0.60334940980859,4,5,5,5,7,26
3293,SPAIN,HOSP,Valencia,39.22,-0.42,12,1,0.8,0.36,4,1,513346264,788842,48350000,1620000000000,79,7500000000,0,0,0,0,0,0,0,0,0,10.6172960496381,33505.6876938987,0.61230157985898,-0.359846271180907,155.11892450879,High GDP,0,0,Farm,10.617296049638055,33505.68769389865,155.11892450879006,FALSE,0.04,0.612301579858982,-0.359846271180907,0.21190507245772,0.313241652812788,5.359133570232277,-0.60334940980859,4,5,5,5,7,26
3295,SPAIN,HOSP,Valencia,39.22,-0.42,12,1,0.8,0.36,4,1,513346264,788842,48350000,1620000000000,79,7500000000,0,0,0,1,0,0,0,0,0,10.6172960496381,33505.6876938987,0.61230157985898,-0.359846271180907,155.11892450879,High GDP,1,0.1111111111111111,Farm,10.617296049638055,33505.68769389865,155.11892450879006,TRUE,0.04,0.612301579858982,-0.359846271180907,0.21190507245772,0.313241652812788,5.359133570232277,-0.60334940980859,4,5,5,5,7,26
3298,SPAIN,HOSP,Valencia,39.22,-0.42,12,1,0.8,0.36,4,1,513346264,788842,48350000,1620000000000,79,7500000000,0,0,0,0,0,0,0,0,0,10.6172960496381,33505.6876938987,0.61230157985898,-0.359846271180907,155.11892450879,High GDP,0,0,Farm,10.617296049638055,33505.68769389865,155.11892450879006,FALSE,0.04,0.612301579858982,-0.359846271180907,0.21190507245772,0.313241652812788,5.359133570232277,-0.60334940980859,4,5,5,5,7,26
3299,SPAIN,HOSP,Valencia,39.22,-0.42,12,1,0.8,0.36,4,1,513346264,788842,48350000,1620000000000,79,7500000000,0,0,0,0,0,0,0,0,0,10.6172960496381,33505.6876938987,0.61230157985898,-0.359846271180907,155.11892450879,High GDP,0,0,Farm,10.617296049638055,33505.68769389865,155.11892450879006,FALSE,0.04,0.612301579858982,-0.359846271180907,0.21190507245772,0.313241652812788,5.359133570232277,-0.60334940980859,4,5,5,5,7,26
3300,SPAIN,HOSP,Valencia,39.22,-0.42,12,1,0.8,0.36,4,1,513346264,788842,48350000,1620000000000,79,7500000000,0,0,0,1,0,0,0,0,0,10.6172960496381,33505.6876938987,0.61230157985898,-0.359846271180907,155.11892450879,High GDP,1,0.1111111111111111,Farm,10.617296049638055,33505.68769389865,155.11892450879006,TRUE,0.04,0.612301579858982,-0.359846271180907,0.21190507245772,0.313241652812788,5.359133570232277,-0.60334940980859,4,5,5,5,7,26
3384,SPAIN,HOSP,Valencia,39.22,-0.42,12,1,0.8,0.36,4,1,513346264,788842,48350000,1620000000000,79,7500000000,0,0,0,0,0,0,0,0,0,10.6172960496381,33505.6876938987,0.61230157985898,-0.359846271180907,155.11892450879,High GDP,0,0,Farm,10.617296049638055,33505.68769389865,155.11892450879006,FALSE,0.04,0.612301579858982,-0.359846271180907,0.21190507245772,0.313241652812788,5.359133570232277,-0.60334940980859,4,5,5,5,7,26
3385,SPAIN,HOSP,Valencia,39.22,-0.42,12,1,0.8,0.36,4,1,513346264,788842,48350000,1620000000000,79,7500000000,0,0,0,0,0,0,0,0,0,10.6172960496381,33505.6876938987,0.61230157985898,-0.359846271180907,155.11892450879,High GDP,0,0,Farm,10.617296049638055,33505.68769389865,155.11892450879006,FALSE,0.04,0.612301579858982,-0.359846271180907,0.21190507245772,0.313241652812788,5.359133570232277,-0.60334940980859,4,5,5,5,7,26
3386,SPAIN,HOSP,Valencia,39.22,-0.42,12,1,0.8,0.36,4,1,513346264,788842,48350000,1620000000000,79,7500000000,0,0,0,1,1,0,0,0,0,10.6172960496381,33505.6876938987,0.61230157985898,-0.359846271180907,155.11892450879,High GDP,2,0.2222222222222222,Farm,10.617296049638055,33505.68769389865,155.11892450879006,TRUE,0.04,0.612301579858982,-0.359846271180907,0.21190507245772,0.313241652812788,5.359133570232277,-0.60334940980859,4,5,5,5,7,26
3387,SPAIN,HOSP,Valencia,39.22,-0.42,12,1,0.8,0.36,4,1,513346264,788842,48350000,1620000000000,79,7500000000,0,0,0,1,1,0,0,0,0,10.6172960496381,33505.6876938987,0.61230157985898,-0.359846271180907,155.11892450879,High GDP,2,0.2222222222222222,Farm,10.617296049638055,33505.68769389865,155.11892450879006,TRUE,0.04,0.612301579858982,-0.359846271180907,0.21190507245772,0.313241652812788,5.359133570232277,-0.60334940980859,4,5,5,5,7,26
3388,SPAIN,HOSP,Valencia,39.22,-0.42,12,1,0.8,0.36,4,1,513346264,788842,48350000,1620000000000,79,7500000000,0,0,0,0,0,0,0,0,0,10.6172960496381,33505.6876938987,0.61230157985898,-0.359846271180907,155.11892450879,High GDP,0,0,Farm,10.617296049638055,33505.68769389865,155.11892450879006,FALSE,0.04,0.612301579858982,-0.359846271180907,0.21190507245772,0.313241652812788,5.359133570232277,-0.60334940980859,4,5,5,5,7,26
3216,VIETNAM,HOSP,Vung Tau,10.22,107.03,7.9,1,0.98,0.57,26,0,1948415458,464860,100400000,430000000000,124,4610000000,0,0,0,1,1,0,0,0,0,19.4065284661355,4282.86852589641,2.54038699123402,-1.65693731953464,45.9163346613546,Low GDP,2,0.2222222222222222,Non-Farm,19.40652846613546,4282.868525896414,45.91633466135458,TRUE,0.26,2.54038699123402,-1.65693731953464,-1.15581129536322,1.21204546220562,10.173291056718282,-0.474725908883638,2,2,2,2,2,10
3217,VIETNAM,HOSP,Vung Tau,10.22,107.03,7.9,1,0.98,0.57,26,0,1948415458,464860,100400000,430000000000,124,4610000000,0,0,0,1,0,0,0,0,0,19.4065284661355,4282.86852589641,2.54038699123402,-1.65693731953464,45.9163346613546,Low GDP,1,0.1111111111111111,Non-Farm,19.40652846613546,4282.868525896414,45.91633466135458,TRUE,0.26,2.54038699123402,-1.65693731953464,-1.15581129536322,1.21204546220562,10.173291056718282,-0.474725908883638,2,2,2,2,2,10
3218,VIETNAM,HOSP,Vung Tau,10.22,107.03,7.9,1,0.98,0.57,26,0,1948415458,464860,100400000,430000000000,124,4610000000,0,0,0,1,0,0,0,0,0,19.4065284661355,4282.86852589641,2.54038699123402,-1.65693731953464,45.9163346613546,Low GDP,1,0.1111111111111111,Non-Farm,19.40652846613546,4282.868525896414,45.91633466135458,TRUE,0.26,2.54038699123402,-1.65693731953464,-1.15581129536322,1.21204546220562,10.173291056718282,-0.474725908883638,2,2,2,2,2,10
3219,VIETNAM,HOSP,Vung Tau,10.22,107.03,7.9,1,0.98,0.57,26,0,1948415458,464860,100400000,430000000000,124,4610000000,0,0,0,1,0,0,0,0,0,19.4065284661355,4282.86852589641,2.54038699123402,-1.65693731953464,45.9163346613546,Low GDP,1,0.1111111111111111,Non-Farm,19.40652846613546,4282.868525896414,45.91633466135458,TRUE,0.26,2.54038699123402,-1.65693731953464,-1.15581129536322,1.21204546220562,10.173291056718282,-0.474725908883638,2,2,2,2,2,10
3220,VIETNAM,HOSP,Vung Tau,10.22,107.03,7.9,1,0.98,0.57,26,0,1948415458,464860,100400000,430000000000,124,4610000000,0,0,0,1,0,0,0,0,0,19.4065284661355,4282.86852589641,2.54038699123402,-1.65693731953464,45.9163346613546,Low GDP,1,0.1111111111111111,Non-Farm,19.40652846613546,4282.868525896414,45.91633466135458,TRUE,0.26,2.54038699123402,-1.65693731953464,-1.15581129536322,1.21204546220562,10.173291056718282,-0.474725908883638,2,2,2,2,2,10
3222,VIETNAM,HOSP,Vung Tau,10.22,107.03,7.9,1,0.98,0.57,26,0,1948415458,464860,100400000,430000000000,124,4610000000,0,0,0,0,0,0,0,0,0,19.4065284661355,4282.86852589641,2.54038699123402,-1.65693731953464,45.9163346613546,Low GDP,0,0,Non-Farm,19.40652846613546,4282.868525896414,45.91633466135458,FALSE,0.26,2.54038699123402,-1.65693731953464,-1.15581129536322,1.21204546220562,10.173291056718282,-0.474725908883638,2,2,2,2,2,10
3223,VIETNAM,HOSP,Vung Tau,10.22,107.03,7.9,1,0.98,0.57,26,0,1948415458,464860,100400000,430000000000,124,4610000000,0,0,0,0,0,0,0,0,0,19.4065284661355,4282.86852589641,2.54038699123402,-1.65693731953464,45.9163346613546,Low GDP,0,0,Non-Farm,19.40652846613546,4282.868525896414,45.91633466135458,FALSE,0.26,2.54038699123402,-1.65693731953464,-1.15581129536322,1.21204546220562,10.173291056718282,-0.474725908883638,2,2,2,2,2,10
3234,VIETNAM,HOSP,Vung Tau,10.22,107.03,7.9,1,0.98,0.57,26,0,1948415458,464860,100400000,430000000000,124,4610000000,0,0,0,1,0,0,0,0,0,19.4065284661355,4282.86852589641,2.54038699123402,-1.65693731953464,45.9163346613546,Low GDP,1,0.1111111111111111,Non-Farm,19.40652846613546,4282.868525896414,45.91633466135458,TRUE,0.26,2.54038699123402,-1.65693731953464,-1.15581129536322,1.21204546220562,10.173291056718282,-0.474725908883638,2,2,2,2,2,10
3235,VIETNAM,HOSP,Vung Tau,10.22,107.03,7.9,1,0.98,0.57,26,0,1948415458,464860,100400000,430000000000,124,4610000000,0,0,0,1,0,0,0,0,1,19.4065284661355,4282.86852589641,2.54038699123402,-1.65693731953464,45.9163346613546,Low GDP,2,0.2222222222222222,Non-Farm,19.40652846613546,4282.868525896414,45.91633466135458,TRUE,0.26,2.54038699123402,-1.65693731953464,-1.15581129536322,1.21204546220562,10.173291056718282,-0.474725908883638,2,2,2,2,2,10
3236,VIETNAM,HOSP,Vung Tau,10.22,107.03,7.9,1,0.98,0.57,26,0,1948415458,464860,100400000,430000000000,124,4610000000,0,0,0,0,0,0,0,0,0,19.4065284661355,4282.86852589641,2.54038699123402,-1.65693731953464,45.9163346613546,Low GDP,0,0,Non-Farm,19.40652846613546,4282.868525896414,45.91633466135458,FALSE,0.26,2.54038699123402,-1.65693731953464,-1.15581129536322,1.21204546220562,10.173291056718282,-0.474725908883638,2,2,2,2,2,10
3237,VIETNAM,HOSP,Vung Tau,10.22,107.03,7.9,1,0.98,0.57,26,0,1948415458,464860,100400000,430000000000,124,4610000000,0,0,0,1,0,0,0,0,1,19.4065284661355,4282.86852589641,2.54038699123402,-1.65693731953464,45.9163346613546,Low GDP,2,0.2222222222222222,Non-Farm,19.40652846613546,4282.868525896414,45.91633466135458,TRUE,0.26,2.54038699123402,-1.65693731953464,-1.15581129536322,1.21204546220562,10.173291056718282,-0.474725908883638,2,2,2,2,2,10
3238,VIETNAM,HOSP,Vung Tau,10.22,107.03,7.9,1,0.98,0.57,26,0,1948415458,464860,100400000,430000000000,124,4610000000,0,0,0,1,1,0,0,0,1,19.4065284661355,4282.86852589641,2.54038699123402,-1.65693731953464,45.9163346613546,Low GDP,3,0.3333333333333333,Non-Farm,19.40652846613546,4282.868525896414,45.91633466135458,TRUE,0.26,2.54038699123402,-1.65693731953464,-1.15581129536322,1.21204546220562,10.173291056718282,-0.474725908883638,2,2,2,2,2,10
3239,VIETNAM,HOSP,Vung Tau,10.22,107.03,7.9,1,0.98,0.57,26,0,1948415458,464860,100400000,430000000000,124,4610000000,0,0,0,0,0,0,0,0,0,19.4065284661355,4282.86852589641,2.54038699123402,-1.65693731953464,45.9163346613546,Low GDP,0,0,Non-Farm,19.40652846613546,4282.868525896414,45.91633466135458,FALSE,0.26,2.54038699123402,-1.65693731953464,-1.15581129536322,1.21204546220562,10.173291056718282,-0.474725908883638,2,2,2,2,2,10
3240,VIETNAM,HOSP,Vung Tau,10.22,107.03,7.9,1,0.98,0.57,26,0,1948415458,464860,100400000,430000000000,124,4610000000,0,0,0,1,0,1,1,0,0,19.4065284661355,4282.86852589641,2.54038699123402,-1.65693731953464,45.9163346613546,Low GDP,3,0.3333333333333333,Non-Farm,19.40652846613546,4282.868525896414,45.91633466135458,TRUE,0.26,2.54038699123402,-1.65693731953464,-1.15581129536322,1.21204546220562,10.173291056718282,-0.474725908883638,2,2,2,2,2,10
3242,VIETNAM,HOSP,Vung Tau,10.22,107.03,7.9,1,0.98,0.57,26,0,1948415458,464860,100400000,430000000000,124,4610000000,0,0,0,1,0,0,0,0,0,19.4065284661355,4282.86852589641,2.54038699123402,-1.65693731953464,45.9163346613546,Low GDP,1,0.1111111111111111,Non-Farm,19.40652846613546,4282.868525896414,45.91633466135458,TRUE,0.26,2.54038699123402,-1.65693731953464,-1.15581129536322,1.21204546220562,10.173291056718282,-0.474725908883638,2,2,2,2,2,10
3243,VIETNAM,HOSP,Vung Tau,10.22,107.03,7.9,1,0.98,0.57,26,0,1948415458,464860,100400000,430000000000,124,4610000000,0,0,0,1,0,0,0,0,0,19.4065284661355,4282.86852589641,2.54038699123402,-1.65693731953464,45.9163346613546,Low GDP,1,0.1111111111111111,Non-Farm,19.40652846613546,4282.868525896414,45.91633466135458,TRUE,0.26,2.54038699123402,-1.65693731953464,-1.15581129536322,1.21204546220562,10.173291056718282,-0.474725908883638,2,2,2,2,2,10
3244,VIETNAM,HOSP,Vung Tau,10.22,107.03,7.9,1,0.98,0.57,26,0,1948415458,464860,100400000,430000000000,124,4610000000,0,0,0,0,0,0,0,0,0,19.4065284661355,4282.86852589641,2.54038699123402,-1.65693731953464,45.9163346613546,Low GDP,0,0,Non-Farm,19.40652846613546,4282.868525896414,45.91633466135458,FALSE,0.26,2.54038699123402,-1.65693731953464,-1.15581129536322,1.21204546220562,10.173291056718282,-0.474725908883638,2,2,2,2,2,10
3245,VIETNAM,HOSP,Vung Tau,10.22,107.03,7.9,1,0.98,0.57,26,0,1948415458,464860,100400000,430000000000,124,4610000000,0,0,0,1,0,0,0,0,0,19.4065284661355,4282.86852589641,2.54038699123402,-1.65693731953464,45.9163346613546,Low GDP,1,0.1111111111111111,Non-Farm,19.40652846613546,4282.868525896414,45.91633466135458,TRUE,0.26,2.54038699123402,-1.65693731953464,-1.15581129536322,1.21204546220562,10.173291056718282,-0.474725908883638,2,2,2,2,2,10
3246,VIETNAM,HOSP,Vung Tau,10.22,107.03,7.9,1,0.98,0.57,26,0,1948415458,464860,100400000,430000000000,124,4610000000,0,0,0,0,0,0,0,0,0,19.4065284661355,4282.86852589641,2.54038699123402,-1.65693731953464,45.9163346613546,Low GDP,0,0,Non-Farm,19.40652846613546,4282.868525896414,45.91633466135458,FALSE,0.26,2.54038699123402,-1.65693731953464,-1.15581129536322,1.21204546220562,10.173291056718282,-0.474725908883638,2,2,2,2,2,10
3247,VIETNAM,HOSP,Vung Tau,10.22,107.03,7.9,1,0.98,0.57,26,0,1948415458,464860,100400000,430000000000,124,4610000000,1,0,0,0,0,0,0,0,0,19.4065284661355,4282.86852589641,2.54038699123402,-1.65693731953464,45.9163346613546,Low GDP,1,0.1111111111111111,Non-Farm,19.40652846613546,4282.868525896414,45.91633466135458,TRUE,0.26,2.54038699123402,-1.65693731953464,-1.15581129536322,1.21204546220562,10.173291056718282,-0.474725908883638,2,2,2,2,2,10
3248,VIETNAM,HOSP,Vung Tau,10.22,107.03,7.9,1,0.98,0.57,26,0,1948415458,464860,100400000,430000000000,124,4610000000,0,0,0,0,0,0,0,0,0,19.4065284661355,4282.86852589641,2.54038699123402,-1.65693731953464,45.9163346613546,Low GDP,0,0,Non-Farm,19.40652846613546,4282.868525896414,45.91633466135458,FALSE,0.26,2.54038699123402,-1.65693731953464,-1.15581129536322,1.21204546220562,10.173291056718282,-0.474725908883638,2,2,2,2,2,10
